ontology ID	label	alternative term	definition	definition source	example of usage	term editor	editor note	term tracker item	parent class	obsolete	obsolescence reason	replacement term	sourced by VectorBase	comment	Source	inSubset
ID	LABEL	A alternative term SPLIT=|	A http://purl.obolibrary.org/obo/IAO_0000115	A definition source SPLIT=|	A example of usage SPLIT=|	A term editor SPLIT=|	A editor note SPLIT=|	AI term tracker item	C %	AT deprecated^^xsd:boolean	AI has obsolescence reason	AI term replaced by	A sourced by VectorBase ID	A rdfs:comment	A Source	A inSubset
EUPATH:0000002	obsolete_dwelling		"A material entity for accommodation, such as a building, part of a building, caravan, houseboat or other mobile home. A tent is not normally considered to be substantial."	Penn Group | http://en.wikipedia.org/wiki/Dwelling		"Person:  Jie Zheng, Chris Stoeckert"			Obsolete Class	true	http://purl.obolibrary.org/obo/IAO_0000228	http://purl.obolibrary.org/obo/ENVO_01000744			PRISM	
EUPATH:0000004	obsolete_roof								Obsolete Class	true	http://purl.obolibrary.org/obo/IAO_0000228	http://purl.obolibrary.org/obo/ENVO_01000472				
EUPATH:0000012	obsolete_traditional house						"was ICEMR PRISM household, no longer used"		Obsolete Class	true	http://purl.obolibrary.org/obo/IAO_0000103					
EUPATH:0000013	obsolete_modern house						"was ICEMR household, no longer used"		Obsolete Class	true	http://purl.obolibrary.org/obo/IAO_0000103					
EUPATH:0000015	obsolete_eaves		"A processed material that is the bottom edge of a roof.  The primary function of the eaves is to keep rain water off the walls and to prevent the ingress of water at the junction where the roof meets the wall.  The secondary function is to control solar penetration; the eaves overhang can be designed to adjust the building's solar heat gain to suit the local climate, the latitude and orientation of the building, refer to passive solar building design. The eaves overhang may also shelter openings to ventilate the roof space."	Penn Group | http://en.wikipedia.org/wiki/Eaves		"Person:  Jie Zheng, Chris Stoeckert"		https://github.com/VEuPathDB-ontology/VEuPathDB-ontology/issues/88	Obsolete Class	true	http://purl.obolibrary.org/obo/IAO_0000228	http://purl.obolibrary.org/obo/ENVO_01000825			PRISM	
EUPATH:0000016	obsolete_open eaves						"was ICEMR PRISM, no longer used"		Obsolete Class	true	http://purl.obolibrary.org/obo/IAO_0000103					
EUPATH:0000017	obsolete_closed eaves						"was ICEMR PRISM household, no longer used"		Obsolete Class	true	http://purl.obolibrary.org/obo/IAO_0000103					
EUPATH:0000024	obsolete_lighting material		A material entity that consists of an energy source for lighting.	Penn Group | PRISM		"Person:  Jie Zheng, Chris Stoeckert"			Obsolete Class	true	http://purl.obolibrary.org/obo/IAO_0000228	http://purl.obolibrary.org/obo/OBI_0400065			PRISM	
EUPATH:0000032	obsolete_date of birth								Obsolete Class	true	http://purl.obolibrary.org/obo/IAO_0000228	http://www.ebi.ac.uk/efo/EFO_0004950				ICEMR protein array
EUPATH:0000037	obsolete_presence of bacteria in the blood		A phenotypic abnormality of the presence of bacteria in the blood.	http://en.wikipedia.org/wiki/Bacteremia			not in use; will replace w/Bacteremia from HP if equivalent term needed	https://github.com/VEuPathDB-ontology/VEuPathDB-ontology/issues/70	Obsolete Class	true	http://purl.obolibrary.org/obo/IAO_0000103					
EUPATH:0000039	obsolete_presence of virus in the blood		A phenotypic abnormality of the presence of a virus in the blood. It is a medical condition where viruses enter the bloodstream and hence have access to the rest of the body.	http://en.wikipedia.org/wiki/Viremia			not in use; will replace w/Viremia from HP if equivalent term needed	https://github.com/VEuPathDB-ontology/VEuPathDB-ontology/issues/70	Obsolete Class	true	http://purl.obolibrary.org/obo/IAO_0000103					
EUPATH:0000041	obsolete_diagnosis of complicated malaria with high parasite density						"was ICEMR PRISM observation, no longer used"		Obsolete Class	true	http://purl.obolibrary.org/obo/IAO_0000103					
EUPATH:0000047	obsolete_hemoglobin level		A scalar measurement datum about the level of hemoglobin in the blood.	Penn Group		"Person:  Jie Zheng, Chris Stoeckert"		https://github.com/VEuPathDB-ontology/VEuPathDB-ontology/issues/200	Obsolete Class	true	http://purl.obolibrary.org/obo/IAO_0000228	http://purl.obolibrary.org/obo/CMO_0000026			PRISM	ICEMR protein array
EUPATH:0000049	obsolete_clinical visit		A planned process in which a patient is seen by a medical practitioner.	Penn Group		"Person:  Jie Zheng, Chris Stoeckert"		https://github.com/VEuPathDB-ontology/VEuPathDB-ontology/issues/56	Obsolete Class	true	http://purl.obolibrary.org/obo/IAO_0000228	http://purl.obolibrary.org/obo/OGMS_0000097			PRISM	
EUPATH:0000055	obsolete_CDC light trap assay						"was ICEMR PRISM, no longer used"		Obsolete Class	true	http://purl.obolibrary.org/obo/IAO_0000103					
EUPATH:0000057	obsolete_medication material		A material entity that is bearer of a medication role.	Penn Group	quinine used in malaria medication | blood used in transfusion for replacement blood lost during surgery or due to a serious injury.	"Person:  Jie Zheng, Chris Stoeckert"			Obsolete Class	true	http://purl.obolibrary.org/obo/IAO_0000228	http://purl.obolibrary.org/obo/OBIB_0000029				
EUPATH:0000063	obsolete_artemether-lumefantrine drug product	coartem | artemether-lumefantrine	"A drug product that is the of combination artemether/lumefantrine (trade names Coartem and Riamet, Falcynate-LF). It is generally used for the treatment of acute uncomplicated Plasmodium falciparum malaria."	PRISM | http://en.wikipedia.org/wiki/Artemether/lumefantrine		"Person:  Jie Zheng, Chris Stoeckert"		https://github.com/VEuPathDB-ontology/VEuPathDB-ontology/issues/162	Obsolete Class	true	http://purl.obolibrary.org/obo/IAO_0000228	http://purl.obolibrary.org/obo/DRON_00032533				
EUPATH:0000064	obsolete_clinical characteristics		A dependent continuant which is either disease or phenotypic abnormality.					https://github.com/VEuPathDB-ontology/VEuPathDB-ontology/issues/72	Obsolete Class	true	http://purl.obolibrary.org/obo/IAO_0000103					
EUPATH:0000102	obsolete_temperature measurement datum		A scalar measurement datum that is about temperature.						Obsolete Class	true	http://purl.obolibrary.org/obo/IAO_0000228	http://purl.obolibrary.org/obo/OBI_0003079			  	
EUPATH:0000103	obsolete_dwelling ventilation function						"was in ICEMR, no longer used"	https://github.com/VEuPathDB-ontology/VEuPathDB-ontology/issues/166	Obsolete Class	true	http://purl.obolibrary.org/obo/IAO_0000103			A ventilation function to provide fresh air to a dwelling.		
EUPATH:0000110	obsolete_organismal body temperature measurement datum		A temperature measurement datum that is about an organism.	Penn Group		"Person:  Jie Zheng, Chris Stoeckert"			Obsolete Class	true	http://purl.obolibrary.org/obo/IAO_0000228	http://purl.obolibrary.org/obo/OBI_0003073			PRISM	
EUPATH:0000113	obsolete_age since birth at time of visit		An age since birth measurement datum at the time of a clinical visit.	Penn Group		"Person:  Jie Zheng, Chris Stoeckert, Shon cade, Grant Dorsey"			Obsolete Class	true	http://purl.obolibrary.org/obo/IAO_0000228	http://purl.obolibrary.org/obo/OBI_0003076			PRISM	ICEMR protein array
EUPATH:0000120	obsolete_age since birth at time of enrollment		An age since birth measurement datum at the time of subject enrollment.	Penn Group		Person: Jie Zheng			Obsolete Class	true	http://purl.obolibrary.org/obo/IAO_0000228	http://purl.obolibrary.org/obo/OBI_0003075			PRISM	
EUPATH:0000127	obsolete_blood specimen on filter paper	Filter paper sample	A blood specimen that is located on a filter paper.	Penn Group		Jie Zheng | Chris Stoeckert			Obsolete Class	true	http://purl.obolibrary.org/obo/IAO_0000228	http://purl.obolibrary.org/obo/OBI_0003055				
EUPATH:0000129	obsolete_red blood cell specimen	erythrocyte specimen | RBC specimen	A processed specimen consisting of red blood cells isolated from whole blood by centrifugation.	http://www.ruf.rice.edu/~bioslabs/studies/sds-page/gellab1.html		"Person:  Jie Zheng, Chris Stoeckert"			Obsolete Class	true	http://purl.obolibrary.org/obo/IAO_0000228	http://purl.obolibrary.org/obo/OBI_2000016			  	
EUPATH:0000188	obsolete_location of clinical visit		A material entity where a clinical visit took place.	Penn Group		"Person:  Jie Zheng, Chris Stoeckert, David Roos, Grant Dorsey"			Obsolete Class	true	http://purl.obolibrary.org/obo/IAO_0000228	http://purl.obolibrary.org/obo/OMRSE_00000102			PRISM	
EUPATH:0000189	obsolete_location of death		A material entity where a death occurred.	Penn Group		"Person:  Jie Zheng, Chris Stoeckert, David Roos, Grant Dorsey"		https://github.com/VEuPathDB-ontology/VEuPathDB-ontology/issues/119	Obsolete Class	true	http://purl.obolibrary.org/obo/IAO_0000228	http://purl.obolibrary.org/obo/EUPATH_0010067			PRISM	
EUPATH:0000252	obsolete_Muscle aches		Pain perceived to originate in the muscle.	PRISM					Obsolete Class	true	http://purl.obolibrary.org/obo/IAO_0000228	http://purl.obolibrary.org/obo/HP_0003326			PRISM	
EUPATH:0000253	obsolete_solar light source		A light source that light is produced from solar energy.			"Person:  Jie Zheng, Chris Stoeckert"			Obsolete Class	true	http://purl.obolibrary.org/obo/IAO_0000228	http://purl.obolibrary.org/obo/OBI_0002902				
EUPATH:0000258	obsolete_drinking water from protected public well						"was ClinEpi household, no longer used"		Obsolete Class	true	http://purl.obolibrary.org/obo/IAO_0000103				  
EUPATH:0000259	obsolete_drinking water from freshwater spring						"from ClinEpi household, no longer used"		Obsolete Class	true	http://purl.obolibrary.org/obo/IAO_0000103				  
EUPATH:0000294	obsolete_late failure	LF					"was in EuPathDB/PlasmoDB, no longer used | Shannon Takala Harrison:  Also not sure about LF, it could either be late failure or lost to follow-up. | Term need for annotation NIH-10K experiment, treatment outcome"		Obsolete Class	true	http://purl.obolibrary.org/obo/IAO_0000103				  	
EUPATH:0000295	obsolete_lost to follow-up	LOSS					"no longer used | Shannon Takala Harrison: LOSS probably also means the patient was lost to follow-up. | Term need for annotation NIH-10K experiment, treatment outcome"		Obsolete Class	true	http://purl.obolibrary.org/obo/IAO_0000103				  	
EUPATH:0000296	obsolete_late parasitological failure	LPF					"was in EuPathDB/PlasmoDB, no longer used"		Obsolete Class	true	http://purl.obolibrary.org/obo/IAO_0000103				  	
EUPATH:0000297	obsolete_Late Treatment Failure	LTF					"was in EuPathDB/PlasmoDB, no longer used"		Obsolete Class	true	http://purl.obolibrary.org/obo/IAO_0000103				  	
EUPATH:0000056	obsolete_medication role		A role borne by some material entity which can be delivered/administrated into some organisms and the role is realized during clinical treatment process aiming to treat symptoms, signs or diagnosed disease.	Penn Group		Person:  Jie Zheng, Chris Stoeckert			Obsolete Class	true					  
EUPATH:0000258	obsolete_drinking water from protected public well						"was ClinEpi household, no longer used"		Obsolete Class	true	http://purl.obolibrary.org/obo/IAO_0000103					
EUPATH:0000259	obsolete_drinking water from freshwater spring						"from ClinEpi household, no longer used"		Obsolete Class	true	http://purl.obolibrary.org/obo/IAO_0000103					
EUPATH:0000260	obsolete_drinking water from protected well in yard						"ClinEpi household, no longer used"		Obsolete Class	true	http://purl.obolibrary.org/obo/IAO_0000103					
EUPATH:0000262	obsolete_drinking water from water truck						"was ICEMR PRISM household, no longer used"		Obsolete Class	true	http://purl.obolibrary.org/obo/IAO_0000103					
EUPATH:0000279	obsolete_symptomatic episode						"was in ICEMR Amazonia, no longer used"		Obsolete Class	true	http://purl.obolibrary.org/obo/IAO_0000103					
EUPATH:0000280	obsolete_chloroquine resistant						"was in EuPathDB/PlasmoDB, no longer used"		Obsolete Class	true	http://purl.obolibrary.org/obo/IAO_0000103					
EUPATH:0000281	obsolete_pyrimethamine and chloroquine resistant						"was in EuPathDB/PlasmoDB, no longer used"		Obsolete Class	true	http://purl.obolibrary.org/obo/IAO_0000103					
EUPATH:0000282	"obsolete_pyrimethamine, mefloquine and chloroquine resistant"						"was in EuPathDB/PlasmoDB, no longer used"		Obsolete Class	true	http://purl.obolibrary.org/obo/IAO_0000103					
EUPATH:0000283	"obsolete_pyrimethamine resistant, chloroquine sensitive"						"was in EuPathDB/PlasmoDB, no longer used"		Obsolete Class	true	http://purl.obolibrary.org/obo/IAO_0000103					
EUPATH:0000284	obsolete_record of unknown information						"was in ICEMR prism, no longer used"		Obsolete Class	true	http://purl.obolibrary.org/obo/IAO_0000103					
EUPATH:0000285	"obsolete_pyrimethamine,chloroquine, and mefloquine resistant"								Obsolete Class	true	http://purl.obolibrary.org/obo/IAO_0000103					
EUPATH:0000286	obsolete_sodium antimony gluconate resistant	not responsive to SAG therapy					"was in EuPathDB/PlasmoDB, no longer used"		Obsolete Class	true	http://purl.obolibrary.org/obo/IAO_0000103					
EUPATH:0000287	obsolete_sodium antimony gluconate sensitive	Sensitive to SAG					"was EuPathDB/PlasmoDB term, no longer used"		Obsolete Class	true	http://purl.obolibrary.org/obo/IAO_0000103					
EUPATH:0000288	obsolete_no malaria parasite infection diagnosis						"was ICEMR PRISM observation, no longer used"		Obsolete Class	true	http://purl.obolibrary.org/obo/IAO_0000103					
EUPATH:0000292	obsolete_early treatment failure	ETF					"was in EuPathDB/PlasmoDB, no longer used"		Obsolete Class	true	http://purl.obolibrary.org/obo/IAO_0000103					
EUPATH:0000293	obsolete_late clinical failure	LCF					"was in EuPathDB/PlasmoDB, no longer used"		Obsolete Class	true	http://purl.obolibrary.org/obo/IAO_0000103					
EUPATH:0000294	obsolete_late failure	LF					"was in EuPathDB/PlasmoDB, no longer used | Shannon Takala Harrison:  Also not sure about LF, it could either be late failure or lost to follow-up. | Term need for annotation NIH-10K experiment, treatment outcome"		Obsolete Class	true	http://purl.obolibrary.org/obo/IAO_0000103					
EUPATH:0000295	obsolete_lost to follow-up	LOSS					"no longer used | Shannon Takala Harrison: LOSS probably also means the patient was lost to follow-up. | Term need for annotation NIH-10K experiment, treatment outcome"		Obsolete Class	true	http://purl.obolibrary.org/obo/IAO_0000103					
EUPATH:0000296	obsolete_late parasitological failure	LPF					"was in EuPathDB/PlasmoDB, no longer used"		Obsolete Class	true	http://purl.obolibrary.org/obo/IAO_0000103					
EUPATH:0000297	obsolete_Late Treatment Failure	LTF					"was in EuPathDB/PlasmoDB, no longer used"		Obsolete Class	true	http://purl.obolibrary.org/obo/IAO_0000103					
EUPATH:0000298	obsolete_unknown outcome	NULL					"was EuPathDB/PlasmoDB term, no longer used | Shannon Takala Harrison: Not sure what NULL means; it could also indicate lost to follow-up. | Term need for annotation NIH-10K experiment, treatment outcome"		Obsolete Class	true	http://purl.obolibrary.org/obo/IAO_0000103					
EUPATH:0000299	obsolete_have a subsequent P. vivax infection	VIVAX					"was ICEMR Amazonia, no longer used"		Obsolete Class	true	http://purl.obolibrary.org/obo/IAO_0000103					
EUPATH:0000300	obsolete_withdrew from the study	WTH					"was in EuPathDB/PlasmoDB, no longer used"		Obsolete Class	true	http://purl.obolibrary.org/obo/IAO_0000103					
EUPATH:0000301	obsolete_summary information about a dwelling						"was ICEMR, no longer used"		Obsolete Class	true	http://purl.obolibrary.org/obo/IAO_0000103					
EUPATH:0000327	obsolete_entomological data item	entomological measurement data	a data item that is about a collection of insects	EuPathDB		Person: John Judkins			Obsolete Class	true	http://purl.obolibrary.org/obo/IAO_0000228	http://purl.obolibrary.org/obo/OBI_0003077				
EUPATH:0000328	obsolete_clinical visit information						"was ICEMR PRISM, no longer used"		Obsolete Class	true	http://purl.obolibrary.org/obo/IAO_0000103					
EUPATH:0000333	obsolete_easting coordinate measurement datum		One dimensional cartesian spatial coordinate datum refers to eastward-measured distance (or the x-coordinate). The terms easting and northing are geographic Cartesian coordinates for a point. Easting and northing coordinates are commonly measured in meters from a horizontal datum.						Obsolete Class	true	http://purl.obolibrary.org/obo/IAO_0000228	http://purl.obolibrary.org/obo/OBI_0003066				
EUPATH:0000334	obsolete_northing coordinate measurement datum		One dimensional cartesian spatial coordinate datum refers to the northward-measured distance (or the y-coordinate). The terms easting and northing are geographic Cartesian coordinates for a point. Easting and northing coordinates are commonly measured in meters from a horizontal datum.						Obsolete Class	true	http://purl.obolibrary.org/obo/IAO_0000228	http://purl.obolibrary.org/obo/OBI_0003067				
EUPATH:0000340	obsolete_human traveling information		An information content entity that is about human traveling.				replaced with OMRSE:00000142		Obsolete Class	true	http://purl.obolibrary.org/obo/IAO_0000228	http://purl.obolibrary.org/obo/OMRSE_00000142				
EUPATH:0000345	obsolete_educational level information		An information content entity that is about the highest level of schooling that a person has reached.						Obsolete Class	true	http://purl.obolibrary.org/obo/IAO_0000228	http://purl.obolibrary.org/obo/OMRSE_00002045				
EUPATH:0000368	obsolete_garbage disposal		An environmental feature for disposing garbage.						Obsolete Class	true	http://purl.obolibrary.org/obo/IAO_0000228	http://purl.obolibrary.org/obo/ENVO_01001260				
EUPATH:0000373	obsolete_information of whether malaria medication is given						"was in ICEMR Amazonia, no longer used"		Obsolete Class	true	http://purl.obolibrary.org/obo/IAO_0000103					
EUPATH:0000384	obsolete_days of travel						"was ICEMR Amazonia, no longer used"		Obsolete Class	true	http://purl.obolibrary.org/obo/IAO_0000103					
EUPATH:0000385	obsolete_information of whether ship is taken during a trip						"was in ICEMR Amazonia, no longer used"		Obsolete Class	true	http://purl.obolibrary.org/obo/IAO_0000103					
EUPATH:0000394	obsolete_information of whether address has changed						"was ICEMR Amazonia, no longer used"		Obsolete Class	true	http://purl.obolibrary.org/obo/IAO_0000103					
EUPATH:0000397	obsolete_bed net treatment information						"was in ICEMR Amazonia, no longer used"		Obsolete Class	true	http://purl.obolibrary.org/obo/IAO_0000103					
EUPATH:0000402	obsolete_blood pressure measurement datum						no longer used		Obsolete Class	true	http://purl.obolibrary.org/obo/IAO_0000103					
EUPATH:0000404	obsolete_information of whether a census form filled at enrollment						no longer used		Obsolete Class	true	http://purl.obolibrary.org/obo/IAO_0000103					
EUPATH:0000405	obsolete_clinic organization		an organization that administrates a medical care center that provides healthcare services on an outpatient basis			Person: John Judkins			Obsolete Class	true	http://purl.obolibrary.org/obo/IAO_0000103					
EUPATH:0000415	obsolete_information of whether a person is family head						"was ICEMR Amazonia, no longer used"		Obsolete Class	true	http://purl.obolibrary.org/obo/IAO_0000103					
EUPATH:0000416	obsolete_hospital registration number						"was ICEMR Amazonia, no longer used"		Obsolete Class	true	http://purl.obolibrary.org/obo/IAO_0000103					
EUPATH:0000422	obsolete_number of sexual parasite						"was ICEMR, no longer used"		Obsolete Class	true	http://purl.obolibrary.org/obo/IAO_0000103					
EUPATH:0000433	obsolete_parasite species identification by PCR assay		An organism identification assay that identifies the species of parasites by PCR.	VEuPathDB					Obsolete Class	true	http://purl.obolibrary.org/obo/IAO_0000228	http://purl.obolibrary.org/obo/OBI_0003044				
EUPATH:0000437	obsolete_falcivax rapid diagnostic test		A laboratory test that can quickly establishing the diagnosis of  P. falciparum or P. vivax malaria infection by detecting the antigens in a person's blood.						Obsolete Class	true	http://purl.obolibrary.org/obo/IAO_0000228	http://purl.obolibrary.org/obo/OBI_0003041				
EUPATH:0000438	obsolete_optimal-IT rapid diagnostic test		"A laboratory test that is a rapid, sensitive malaria test that is able to differentiate between P. falciparum and other malaria parasites."	VEuPathDB					Obsolete Class	true	http://purl.obolibrary.org/obo/IAO_0000228	http://purl.obolibrary.org/obo/OBI_0003042				
EUPATH:0000454	obsolete_average mapping coverage								Obsolete Class	true	http://purl.obolibrary.org/obo/IAO_0000228	http://purl.obolibrary.org/obo/GENEPIO_0000092				
EUPATH:0000455	obsolete_proportion mapped reads		a data item that is about a sequencing assay and is the ratio of the count of mapped reads to the total count of reads	VEuPathDB		John Judkins			Obsolete Class	true	http://purl.obolibrary.org/obo/IAO_0000228	http://purl.obolibrary.org/obo/OBI_0003056				
EUPATH:0000456	obsolete_number mapped reads						"was in EuPathDB/PlasmoDB, no longer used"		Obsolete Class	true	http://purl.obolibrary.org/obo/IAO_0000103					
EUPATH:0000457	obsolete_average read length						"was EuPathDB/PlasmoDB term, no longer used"		Obsolete Class	true	http://purl.obolibrary.org/obo/IAO_0000103					
EUPATH:0000458	obsolete_unstranded unique average mapping coverage						"was in EuPathDB/PlasmoDB, no longer used"		Obsolete Class	true	http://purl.obolibrary.org/obo/IAO_0000103					
EUPATH:0000459	obsolete_unstranded unique proportion mapped reads						"was in EuPathDB/PlasmoDB, no longer used"		Obsolete Class	true	http://purl.obolibrary.org/obo/IAO_0000103					
EUPATH:0000460	obsolete_unstranded unique number mapped reads						"was EuPathDB/PlasmoDB term, no longer used"		Obsolete Class	true	http://purl.obolibrary.org/obo/IAO_0000103					
EUPATH:0000461	obsolete_unstranded unique average read length						"was in EuPathDB/PlasmoDB, no longer used"		Obsolete Class	true	http://purl.obolibrary.org/obo/IAO_0000103					
EUPATH:0000462	obsolete_unstranded non unique average mapping coverage						"was in EuPathDB/PlasmoDB, no longer used"		Obsolete Class	true	http://purl.obolibrary.org/obo/IAO_0000103					
EUPATH:0000463	obsolete_unstranded non unique proportion mapped reads						"was in EuPathDB/PlasmoDB, no longer used"		Obsolete Class	true	http://purl.obolibrary.org/obo/IAO_0000103					
EUPATH:0000464	obsolete_unstranded non unique number mapped reads						"was in EuPathDB/PlasmoDB, no longer used"		Obsolete Class	true	http://purl.obolibrary.org/obo/IAO_0000103					
EUPATH:0000465	obsolete_unstranded non unique average read length						"was in EuPathDB/PlasmoDB, no longer used"		Obsolete Class	true	http://purl.obolibrary.org/obo/IAO_0000103					
EUPATH:0000466	obsolete_first strand unique average mapping coverage						"was in EuPathDB/PlasmoDB, no longer used"		Obsolete Class	true	http://purl.obolibrary.org/obo/IAO_0000103					
EUPATH:0000467	obsolete_first strand unique proportion mapped reads						"was in EuPathDB/PlasmoDB, no longer used"		Obsolete Class	true	http://purl.obolibrary.org/obo/IAO_0000103					
EUPATH:0000468	obsolete_first strand unique number mapped reads						"was in EuPathDB/PlasmoDB, no longer used"		Obsolete Class	true	http://purl.obolibrary.org/obo/IAO_0000103					
EUPATH:0000469	obsolete_first strand unique average read length						"was in EuPathDB/PlasmoDB, no longer used"		Obsolete Class	true	http://purl.obolibrary.org/obo/IAO_0000103					
EUPATH:0000470	obsolete_first strand non unique unstranded unique average mapping coverage						"was EuPathDB/PlasmoDB term, no longer used"		Obsolete Class	true	http://purl.obolibrary.org/obo/IAO_0000103					
EUPATH:0000471	obsolete_first strand non unique unstranded unique proportion mapped reads						"was EuPathDB/PlasmoDB term, no longer used"		Obsolete Class	true	http://purl.obolibrary.org/obo/IAO_0000103					
EUPATH:0000472	obsolete_first strand non unique unstranded unique number mapped reads						"was EuPathDB/PlasmoDB term, no longer used"		Obsolete Class	true	http://purl.obolibrary.org/obo/IAO_0000103					
EUPATH:0000473	obsolete_first strand non unique unstranded unique average read length						"was EuPathDB/PlasmoDB term, no longer used"		Obsolete Class	true	http://purl.obolibrary.org/obo/IAO_0000103					
EUPATH:0000474	obsolete_second strand unique unstranded non unique average mapping coverage						"was in EuPathDB/PlasmoDB, no longer used"		Obsolete Class	true	http://purl.obolibrary.org/obo/IAO_0000103					
EUPATH:0000475	obsolete_second strand unique unstranded non unique proportion mapped reads						"was in EuPathDB/PlasmoDB, no longer used"		Obsolete Class	true	http://purl.obolibrary.org/obo/IAO_0000103					
EUPATH:0000476	obsolete_second strand unique unstranded non unique number mapped reads						"was in EuPathDB/PlasmoDB, no longer used"		Obsolete Class	true	http://purl.obolibrary.org/obo/IAO_0000103					
EUPATH:0000477	obsolete_second strand unique unstranded non unique average read length						"was in EuPathDB/PlasmoDB, no longer used"		Obsolete Class	true	http://purl.obolibrary.org/obo/IAO_0000103					
EUPATH:0000478	obsolete_second strand non unique first strand unique average mapping coverage						"was in EuPathDB/PlasmoDB, no longer used"		Obsolete Class	true	http://purl.obolibrary.org/obo/IAO_0000103					
EUPATH:0000479	obsolete_second strand non unique first strand unique proportion mapped reads						"was in EuPathDB/PlasmoDB, no longer used"		Obsolete Class	true	http://purl.obolibrary.org/obo/IAO_0000103					
EUPATH:0000480	obsolete_second strand non unique first strand unique number mapped reads						"was in EuPathDB/PlasmoDB, no longer used"		Obsolete Class	true	http://purl.obolibrary.org/obo/IAO_0000103					
EUPATH:0000481	obsolete_second strand non unique first strand unique average read length						"was in EuPathDB/PlasmoDB, no longer used"		Obsolete Class	true	http://purl.obolibrary.org/obo/IAO_0000103					
EUPATH:0000482	obsolete_Candida albicans strain 12C			https://www.beiresources.org/Catalog/Fungi/NR-29444.aspx			"was in EuPathDB/PlasmoDB, no longer used"		Obsolete Class	true	http://purl.obolibrary.org/obo/IAO_0000103					
EUPATH:0000483	obsolete_Candida albicans strain L26			https://www.beiresources.org/Catalog/Fungi/NR-29445.aspx			"was in EuPathDB/PlasmoDB, no longer used"		Obsolete Class	true	http://purl.obolibrary.org/obo/IAO_0000103					
EUPATH:0000488	obsolete_information on blood smear not performed		An information content entity is about blood smear not performed.			"Person: Jie Zheng, Grant Dorsey"		https://github.com/VEuPathDB-ontology/VEuPathDB-ontology/issues/37	Obsolete Class	true	http://purl.obolibrary.org/obo/IAO_0000103				PRISM	
EUPATH:0000495	obsolete_information on whether hive treated with tetracyline		An information content entity that idicates whether the hive was treated with tetracyline to prevent infection with the bacterial pathogen Paenibacillus larvae.			"Person: Daniel Beiting, Jie Zheng"			Obsolete Class	true	http://purl.obolibrary.org/obo/IAO_0000103				microbiome	
EUPATH:0000496	obsolete_information on whether specimen from mother or child		"An information indicates that samples from child or from the mother, or both."	"microbiome | Person: Daniel Beiting, Jie Zheng"				https://github.com/VEuPathDB-ontology/VEuPathDB-ontology/issues/194	Obsolete Class	true	http://purl.obolibrary.org/obo/IAO_0000228	http://purl.obolibrary.org/obo/EUPATH_0000594				
EUPATH:0000498	obsolete_16S rRNA gene region for sequencing		A region of the 16S rRNA gene that was PCR amplified and sequenced.			"Person: Daniel Beiting, Jie Zheng"			Obsolete Class	true	http://purl.obolibrary.org/obo/IAO_0000228	http://purl.obolibrary.org/obo/SO_0001000			microbiome	
EUPATH:0000500	obsolete_bronchial wash specimen						"was EuPathDB/PlasmoDB term, no longer used"		Obsolete Class	true	http://purl.obolibrary.org/obo/IAO_0000103					
EUPATH:0000501	obsolete_bronchoalveolar lavage fluid specimen						"was EuPathDB/PlasmoDB term, no longer used"		Obsolete Class	true	http://purl.obolibrary.org/obo/IAO_0000103					
EUPATH:0000502	obsolete_lung aspirate specimen						"was EuPathDB/PlasmoDB term, no longer used"		Obsolete Class	true	http://purl.obolibrary.org/obo/IAO_0000103					
EUPATH:0000503	obsolete_lung lesion specimen						"was EuPathDB/PlasmoDB term, no longer used"		Obsolete Class	true	http://purl.obolibrary.org/obo/IAO_0000103					
EUPATH:0000504	obsolete_lung mold bronch specimen						"was in EuPathDB/PlasmoDB, no longer used"		Obsolete Class	true	http://purl.obolibrary.org/obo/IAO_0000103					
EUPATH:0000505	obsolete_lung nodule specimen						"was in EuPathDB/PlasmoDB, no longer used"		Obsolete Class	true	http://purl.obolibrary.org/obo/IAO_0000103					
EUPATH:0000506	obsolete_TGH specimen						"was in EuPathDB/PlasmoDB, no longer used"		Obsolete Class	true	http://purl.obolibrary.org/obo/IAO_0000103					
EUPATH:0000507	obsolete_TGH mold iso specimen						"was in EuPathDB/PlasmoDB, no longer used"		Obsolete Class	true	http://purl.obolibrary.org/obo/IAO_0000103					
EUPATH:0000508	obsolete_number of contigs						"was in EuPathDB/PlasmoDB, no longer used"		Obsolete Class	true	http://purl.obolibrary.org/obo/IAO_0000103					
EUPATH:0000509	obsolete_number of genes called						"was EuPathDB/PlasmoDB term, no longer used"		Obsolete Class	true	http://purl.obolibrary.org/obo/IAO_0000103					
EUPATH:0000510	obsolete_number of bases						"was in EuPathDB/PlasmoDB, no longer used"		Obsolete Class	true	http://purl.obolibrary.org/obo/IAO_0000103					
EUPATH:0000511	obsolete_lesion on arm specimen						"was in EuPathDB/PlasmoDB, no longer used"		Obsolete Class	true	http://purl.obolibrary.org/obo/IAO_0000103					
EUPATH:0000512	obsolete_common name of organism		"A textual entity refers to a taxon or organism that is based on the normal language of everyday life; this kind of name is often contrasted with the scientific name for the same organism, which is Latinized."	https://en.wikipedia.org/wiki/Common_name					Obsolete Class	true	http://purl.obolibrary.org/obo/IAO_0000228	http://purl.obolibrary.org/obo/OBI_0003074				
EUPATH:0000516	obsolete_electrolyte disturbances					"Person: Jie Zheng, Chris Stoeckert, John Judkins"			Obsolete Class	true	http://purl.obolibrary.org/obo/IAO_0000228	http://purl.obolibrary.org/obo/HP_0003111				
EUPATH:0000517	obsolete_Candida albicans strain P37005			https://www.beiresources.org/Catalog/Fungi/NR-29447.aspx			"was in EuPathDB/PlasmoDB, no longer used"		Obsolete Class	true	http://purl.obolibrary.org/obo/IAO_0000103					
EUPATH:0000528	obsolete_gametocyte detection assay		An assay that detects parasite gametocyte in a specimen.	VEuPathDB		"Person: Jie Zheng, Chris Stoeckert"			Obsolete Class	true	http://purl.obolibrary.org/obo/IAO_0000228	http://purl.obolibrary.org/obo/OBI_0003036				
EUPATH:0000539	obsolete_parasite detection by PCR assay		An assay that detects parasite in a specimen using PCR.	VEuPathDB		"Person: Jie Zheng, Chris Stoeckert"			Obsolete Class	true	http://purl.obolibrary.org/obo/IAO_0000228	http://purl.obolibrary.org/obo/OBI_0003045				
EUPATH:0000554	obsolete_Candida albicans strain 19F			https://www.beiresources.org/Catalog/Fungi/NR-29449.aspx			"was in EuPathDB/PlasmoDB, no longer used"		Obsolete Class	true	http://purl.obolibrary.org/obo/IAO_0000103					
EUPATH:0000555	obsolete_Candida albicans strain P78048			https://www.beiresources.org/Catalog/Fungi/NR-29434.aspx			"was in EuPathDB/PlasmoDB, no longer used"		Obsolete Class	true	http://purl.obolibrary.org/obo/IAO_0000103					
EUPATH:0000556	obsolete_Candida albicans strain P37037			https://www.beiresources.org/Catalog/Fungi/NR-29450.aspx			"was in EuPathDB/PlasmoDB, no longer used"		Obsolete Class	true	http://purl.obolibrary.org/obo/IAO_0000103					
EUPATH:0000557	obsolete_Candida albicans strain P37039			https://www.beiresources.org/Catalog/Fungi/NR-29451.aspx			"was in EuPathDB/PlasmoDB, no longer used"		Obsolete Class	true	http://purl.obolibrary.org/obo/IAO_0000103					
EUPATH:0000558	obsolete_Candida albicans strain SC5314						"was in EuPathDB/PlasmoDB, no longer used"		Obsolete Class	true	http://purl.obolibrary.org/obo/IAO_0000103					
EUPATH:0000559	obsolete_Candida albicans strain P57072			https://www.beiresources.org/Catalog/Fungi/NR-29435.aspx			"was in EuPathDB/PlasmoDB, no longer used"		Obsolete Class	true	http://purl.obolibrary.org/obo/IAO_0000103					
EUPATH:0000560	obsolete_Candida albicans strain P76055			https://www.beiresources.org/Catalog/Fungi/NR-29441.aspx			"was in EuPath/PlasmoDB, no longer used"		Obsolete Class	true	http://purl.obolibrary.org/obo/IAO_0000103					
EUPATH:0000561	obsolete_Candida albicans strain P76067			https://www.beiresources.org/Catalog/Fungi/NR-29442.aspx			"was EuPathDB/PlasmoDB term, no longer used"		Obsolete Class	true	http://purl.obolibrary.org/obo/IAO_0000103					
EUPATH:0000562	obsolete_Candida albicans strain P57055			https://www.beiresources.org/Catalog/Fungi/NR-29439.aspx			"was in EuPathDB/PlasmoDB, no longer used"		Obsolete Class	true	http://purl.obolibrary.org/obo/IAO_0000103					
EUPATH:0000563	obsolete_Candida albicans strain P78042			https://www.beiresources.org/Catalog/Fungi/NR-29443.aspx			"was in EuPathDB/PlasmoDB, no longer used"		Obsolete Class	true	http://purl.obolibrary.org/obo/IAO_0000103					
EUPATH:0000564	obsolete_Candida albicans strain P34048			https://www.beiresources.org/Catalog/Fungi/NR-29436.aspx			"was in EuPathDB/PlasmoDB, no longer used"		Obsolete Class	true	http://purl.obolibrary.org/obo/IAO_0000103					
EUPATH:0000565	obsolete_Candida albicans strain P87			https://www.beiresources.org/Catalog/Fungi/NR-29453.aspx			"was in EuPathDB/PlasmoDB, no longer used"		Obsolete Class	true	http://purl.obolibrary.org/obo/IAO_0000103					
EUPATH:0000566	obsolete_Candida albicans strain GC75			https://www.beiresources.org/Catalog/Fungi/NR-29452.aspx			"was in EuPathDB/PlasmoDB, no longer used"		Obsolete Class	true	http://purl.obolibrary.org/obo/IAO_0000103					
EUPATH:0000567	obsolete_Candida albicans strain P75016			https://www.beiresources.org/Catalog/Fungi/NR-29438.aspx			"was in EuPathDB/PlasmoDB, no longer used"		Obsolete Class	true	http://purl.obolibrary.org/obo/IAO_0000103					
EUPATH:0000568	obsolete_Candida albicans strain P75063			https://www.beiresources.org/Catalog/Fungi/NR-29440.aspx			"was in EuPathDB/PlasmoDB, no longer used"		Obsolete Class	true	http://purl.obolibrary.org/obo/IAO_0000103					
EUPATH:0000569	obsolete_Candida albicans strain P94015			https://www.beiresources.org/Catalog/Fungi/NR-29446.aspx			"was in EuPathDB/PlasmoDB, no longer used"		Obsolete Class	true	http://purl.obolibrary.org/obo/IAO_0000103					
EUPATH:0000570	obsolete_Candida albicans strain P60002			https://www.beiresources.org/Catalog/Fungi/NR-29448.aspx			"was in EuPathDB/PlasmoDB, no longer used"		Obsolete Class	true	http://purl.obolibrary.org/obo/IAO_0000103					
EUPATH:0000571	obsolete_Candida albicans strain P75010			https://www.beiresources.org/Catalog/Fungi/NR-29437.aspx			"was EuPathDB/PlasmoDB term, no longer used"		Obsolete Class	true	http://purl.obolibrary.org/obo/IAO_0000103					
EUPATH:0000573	obsolete_genetic clade of organism								Obsolete Class	true	http://purl.obolibrary.org/obo/IAO_0000228	http://purl.obolibrary.org/obo/APOLLO_SV_00000232				
EUPATH:0000574	obsolete_NLST Clade of organism						"was EuPathDB/PlasmoDB term, no longer used"		Obsolete Class	true	http://purl.obolibrary.org/obo/IAO_0000103					
EUPATH:0000603	obsolete_sequencing protocol		"a protocol that, when concretized, is realized in an assay that uses chemical or biological means to infer the sequence of a biomaterial"	EuPathDB		Person: John Judkins			Obsolete Class	true	http://purl.obolibrary.org/obo/IAO_0000228	http://purl.obolibrary.org/obo/OBI_0003069				
EUPATH:0000606	obsolete_participant identifier		a symbol that denotes the bearer of a participant under investigation role	EuPathDB		Person: John Judkins			Obsolete Class	true	http://purl.obolibrary.org/obo/IAO_0000228	http://purl.obolibrary.org/obo/OBI_0003071				
EUPATH:0000608	obsolete_specimen collection protocol		"a protocol such that, if it is concretized and its concretization is realized, its concretization is realized in a planned process that has as its objective collecting a specimen"	EuPathDB		Person: John Judkins			Obsolete Class	true	http://purl.obolibrary.org/obo/IAO_0000228	http://purl.obolibrary.org/obo/OBI_0003070				
EUPATH:0000613	obsolete_specimen collection time post infection		a specimen collection time measurement datum that is the measure of a time when specimens are collected after an infection starts	EuPathDB		Person: John Judkins			Obsolete Class	true	http://purl.obolibrary.org/obo/IAO_0000228	http://purl.obolibrary.org/obo/OBI_0003084				
EUPATH:0000616	obsolete_site of ear swabbed						"was microbiomeDB, no longer used"		Obsolete Class	true	http://purl.obolibrary.org/obo/IAO_0000103					
EUPATH:0000724	obsolete_feces microbiology assay	stool test for microorganisms	Assay that subjects a feces specimen to a test for microorganisms.	Penn Group		"Person:  Cristian Cocos, Jie Zheng, Chris Stoeckert"			Obsolete Class	true	http://purl.obolibrary.org/obo/IAO_0000228	http://purl.obolibrary.org/obo/OBI_0003039			GEMS	
EUPATH:0000739	obsolete_environmental history		A planned process that an organism exposed to that are not one of the variables under study.	MO_55 EnvironmentalHistory			not used		Obsolete Class	true	http://purl.obolibrary.org/obo/IAO_0000103					
EUPATH:0000791	obsolete_blood meal source role		A role borne by an organism that is gained during a process in which another organism ingests blood as food from the organism.		A mosquito feeds on a human whereby the human acquires the blood host role for the mosquito blood meal.				Obsolete Class	true	http://purl.obolibrary.org/obo/IAO_0000228	http://purl.obolibrary.org/obo/OBI_0002996				
EUPATH:0010001	obsolete_antibiotic administration process	Antibiotic administration before stool collection	Administering substance in vivo where an antibiotic substance is administered to a living organism.	Penn Group		"Person:  Cristian Cocos, Jie Zheng, Chris Stoeckert"			Obsolete Class	true	http://purl.obolibrary.org/obo/IAO_0000228	http://purl.obolibrary.org/obo/OBI_0003057			GEMS	
EUPATH:0010047	obsolete_study center		Organization that undertakes a clinical study at some point in time.	Penn Group		"Person:  Cristian Cocos, Jie Zheng, Chris Stoeckert"			Obsolete Class	true	http://purl.obolibrary.org/obo/IAO_0000228	http://purl.obolibrary.org/obo/OBI_0003068			GEMS	
EUPATH:0010095	obsolete_axillary temperature measurement datum	Axillary temperature	A temperature measurement datum that is about the temperature of an axilla	EuPathDB		John Judkins			Obsolete Class	true	http://purl.obolibrary.org/obo/IAO_0000228	http://purl.obolibrary.org/obo/OBI_0003072				
EUPATH:0010787	obsolete_presence of Entamoeba histolytica by ELISA	"Entamoeba histolytica, by ELISA"	a categorical measurement datum that specifies whether Entamoeba histolytica was detected by an enzyme-linked immunosorbent assay	EuPathDB		John Judkins			Obsolete Class	true	http://purl.obolibrary.org/obo/IAO_0000228	http://purl.obolibrary.org/obo/EUPATH_0010695				
EUPATH:0011795	obsolete_blood test		A laboratory test that has a blood specimen as specified input.	VEuPathDB					Obsolete Class	true	http://purl.obolibrary.org/obo/IAO_0000228	http://purl.obolibrary.org/obo/OBI_0003040				
EUPATH:0015033	obsolete_information on drinking water piped into dwelling	Piped into house	An information content entity that mentions drinking water piped into a dwelling	EuPathDB		Person: John Judkins		https://github.com/VEuPathDB-ontology/VEuPathDB-ontology/issues/136	Obsolete Class	true	http://purl.obolibrary.org/obo/IAO_0000228	http://purl.obolibrary.org/obo/EUPATH_0000256				
EUPATH:0015035	obsolete_information on drinking water piped into yard	Piped into yard	An information content entity that mentions drinking water obtained through a plumbing fixture located in the yard of a human dwelling	EuPathDB		Person: John Judkins		https://github.com/VEuPathDB-ontology/VEuPathDB-ontology/issues/136	Obsolete Class	true	http://purl.obolibrary.org/obo/IAO_0000228	http://purl.obolibrary.org/obo/EUPATH_0000257				
EUPATH:0015423	obsolete_presence of Escherichia coli by differential medium assay	"E. coli, by bacteriology"	a categorical measurement datum that specifies whether Escherichia coli was detected by differential medium assay	EuPathDB		John Judkins			Obsolete Class	true	http://purl.obolibrary.org/obo/IAO_0000228	http://purl.obolibrary.org/obo/EUPATH_0010630				
EUPATH:0021083	obsolete_blood specimen in vacutainer	Vacutainer sample	A blood specimen that is located in a vacutainer.	VEuPathDB		Jie Zheng | Chris Stoeckert			Obsolete Class	true	http://purl.obolibrary.org/obo/IAO_0000228	http://purl.obolibrary.org/obo/OBI_0003054				
EUPATH:0043001	obsolete_arthropod attractor role	attractant	A role of a material entity realized in drawing an arthropod in the direction of the material.						Obsolete Class	true	http://purl.obolibrary.org/obo/IAO_0000228	http://purl.obolibrary.org/obo/OBI_0002997	IRO:0000034			
EUPATH:0043003	obsolete_BG-lure scent dispenser	BG-lure	A device manufactured by BioGents that is designed for operation with the BG-Sentinel trap and releases an attractant that mimics the scent of human skin.	IRO:0001060					Obsolete Class	true	http://purl.obolibrary.org/obo/IAO_0000228	http://purl.obolibrary.org/obo/OBI_0003048				
EUPATH:0043006	obsolete_New Jersey light trap	new jersey trap catch	A light trap that is designed to use motorized suction to trap arthropods in a collection bag once they approach the light attractant.	Cire. N. J. agrie. Exp. Stn. 1942 No.421 pp.8					Obsolete Class	true	http://purl.obolibrary.org/obo/IAO_0000228	http://purl.obolibrary.org/obo/OBI_0002935	IRO:0000031			
EUPATH:0043007	obsolete_gravid trap	gravid trap catch	An arthropod trap that is designed to collect gravid female arthropods or their eggs.						Obsolete Class	true	http://purl.obolibrary.org/obo/IAO_0000228	http://purl.obolibrary.org/obo/OBI_0002929	IRO:0000030			
EUPATH:0043008	obsolete_encephalitis virus surveillance trap	EVS trap catch | EVS light trap	"A light trap that uses carbon dioxide as attractant. The trap consists of a container of dry ice with holes in the bottom to allow the carbon dioxide to flow downward into a separate container, in which a motorized fan creates suction to collect arthropods."						Obsolete Class	true	http://purl.obolibrary.org/obo/IAO_0000228	http://purl.obolibrary.org/obo/OBI_0002928	VSMO:0001295 | IRO:0000029			
EUPATH:0043009	obsolete_BG-Counter	BG-Counter trap catch	"A device manufactured by BioGents that is designed to count mosquitoes passing through the device, differentiating the mosquitoes from other arthropods."						Obsolete Class	true	http://purl.obolibrary.org/obo/IAO_0000228	http://purl.obolibrary.org/obo/OBI_0002924	IRO:0000143			
EUPATH:0043010	obsolete_Centers for Disease Control and Prevention light trap	CDC light trap catch	A light trap that is designed to use motorized suction to trap arthropods in a collection bag once they approach the light attractant. This trap is also designed to be lightweight and operate in environments in which electricity may be scarce.						Obsolete Class	true	http://purl.obolibrary.org/obo/IAO_0000228	http://purl.obolibrary.org/obo/OBI_0002926	IRO:0000163			
EUPATH:0043011	obsolete_BG-Sentinel trap	BG-Sentinal trap catch	"An arthropod trap that is manufactured by Biogents and is designed to attract arthropods through the use of a motorized fan to mimic convection currents produced by a human. The current also pulls arthropods into the trap, where a layer of gauze prevents the arthropods from escaping along with the air current."						Obsolete Class	true	http://purl.obolibrary.org/obo/IAO_0000228	http://purl.obolibrary.org/obo/OBI_0002925	IRO:0000028 | VSMO:0001906			
EUPATH:0043012	obsolete_barrier trap	barrier catch	An arthropod trap consisting of a static physical barrier designed to funnel arthropods in flight into a container.						Obsolete Class	true	http://purl.obolibrary.org/obo/IAO_0000228	http://purl.obolibrary.org/obo/OBI_0002923	IRO:0000017			
EUPATH:0043013	obsolete_Onderstepoort Veterinary Institute light-suction trap	OVI light-suction trap	"A light trap that is designed to use motorized suction to trap arthropods in a collection bag once they approach the attractant. The light is supplied by an 8 watt tube, and the fan providing the suction has an 11-centimeter diameter."	"Parasites Vectors 8, 239 (2015)"					Obsolete Class	true	http://purl.obolibrary.org/obo/IAO_0000228	http://purl.obolibrary.org/obo/OBI_0002936	IRO:0000154			
EUPATH:0043014	obsolete_resting box trap	resting box catch	An arthropod trap that consists of a box that is open on one end. The placement of the box and modifications to it are done in such a way that it becomes attractive to an arthropod as a place to rest during a period of inactivity.	"Proceedings of the Eighty-Second Annual Meeting of the New Jersey Mosquito Control Association, Inc. 1989, pp 53-57."					Obsolete Class	true	http://purl.obolibrary.org/obo/IAO_0000228	http://purl.obolibrary.org/obo/OBI_0002940	IRO:0000021			
EUPATH:0043015	obsolete_Shannon trap	shannon trap catch	"An arthropod trap that is made of cloth and netting and is designed to be suspended from above (e.g. from a tree). It is also designed so that the arthropod enters the trap from beneath, being attracted to some bait, and is prevented from escaping upward by the suspended cloth, which allows them to be collected from the upper interior of the trap."	"The American Journal of Tropical Medicine and Hygiene, Volume s1-19, Issue 2, 1 Mar 1939, p. 131 - 140"					Obsolete Class	true	http://purl.obolibrary.org/obo/IAO_0000228	http://purl.obolibrary.org/obo/OBI_0002942	IRO:0000191			
EUPATH:0043016	obsolete_sticky trap	sticky trap catch	An arthropod trap that is designed to capture arthropods resting on a surface by coating the surface with adhesive.						Obsolete Class	true	http://purl.obolibrary.org/obo/IAO_0000228	http://purl.obolibrary.org/obo/OBI_0002944	IRO:0000128			
EUPATH:0043017	obsolete_artificial pit shelter	artificial pit shelter	"An arthropod trap, consisting of a pit dug under the shelter of a plant, designed to provide a space for arthropods to rest and be collected."						Obsolete Class	true	http://purl.obolibrary.org/obo/IAO_0000228	http://purl.obolibrary.org/obo/OBI_0002921	IRO:0000005			
EUPATH:0043018	obsolete_resting bucket	resting bucket catch	"An arthropod trap that consists of a bucket, which is lined with fabric and placed on its side, and a wet cloth inside the bucket. The placement of the box and modifications to it are done in such a way that it becomes attractive to an arthropod as a place to rest during a period of inactivity."	Kreppel et al. Parasites & Vectors  (2015) 8:462					Obsolete Class	true	http://purl.obolibrary.org/obo/IAO_0000228	http://purl.obolibrary.org/obo/OBI_0002941	IRO:0000141			
EUPATH:0043019	obsolete_Mosquito Magnet trap	mosquito magnet pro catch	"An arthropod trap that is powered by propane and is designed to emit a combination of carbon dioxide, heat, water, and oct-1-en-3-ol attractants while simultaneously using suction to trap arthropods."						Obsolete Class	true	http://purl.obolibrary.org/obo/IAO_0000228	http://purl.obolibrary.org/obo/OBI_0002933	IRO:0000022			
EUPATH:0043020	obsolete_knockdown arthropod specimen collection process	knockdown collection	"An arthropod specimen collection process that involves exposing arthropods to pesticide, then collecting them once they become dead or immobilized."	"38th Report East Malling Research Station 1949-50 , 1951, p.148"					Obsolete Class	true	http://purl.obolibrary.org/obo/IAO_0000228	http://purl.obolibrary.org/obo/OBI_0002918	IRO:0000014			
EUPATH:0043021	obsolete_MosquiTRAP	MosquiTRAP catch	A gravid trap consisting of an arthropod attractant and adhesive surface.						Obsolete Class	true	http://purl.obolibrary.org/obo/IAO_0000228	http://purl.obolibrary.org/obo/OBI_0002934	IRO:0000140			
EUPATH:0043022	obsolete_sticky resting bucket	sticky resting bucket catch	"An arthropod trap that consists of a bucket, which is lined with adhesive and placed on its side, and a wet cloth inside the bucket. The placement of the box and modifications to it are done in such a way that it becomes attractive to an arthropod as a place to rest during a period of inactivity. The trap is designed for arthropods to become caught in the adhesive so that they can be collected."						Obsolete Class	true	http://purl.obolibrary.org/obo/IAO_0000228	http://purl.obolibrary.org/obo/OBI_0002943	IRO:0000142			
EUPATH:0043023	obsolete_light trap for indoor use	indoor light trap catch	A light trap designed to be placed inside a building.						Obsolete Class	true	http://purl.obolibrary.org/obo/IAO_0000228	http://purl.obolibrary.org/obo/OBI_0002931	MIRO:30000009			
EUPATH:0043024	obsolete_knockdown arthropod specimen collection by pyrethrum spray	pyrethrum spray catch	A knockdown arthropod specimen collection process in which the pesticide is pyrethrum.						Obsolete Class	true	http://purl.obolibrary.org/obo/IAO_0000228	http://purl.obolibrary.org/obo/OBI_0002917	MIRO:30000023			
EUPATH:0043025	obsolete_light trap	light trap catch	An arthropod trap that uses light as an attractant.						Obsolete Class	true	http://purl.obolibrary.org/obo/IAO_0000228	http://purl.obolibrary.org/obo/OBI_0002930	MIRO:30000065			
EUPATH:0043026	obsolete_live arthropod specimen collection process	catch of live specimens	An arthropod specimen collection process meant to collect live specimens.						Obsolete Class	true	http://purl.obolibrary.org/obo/IAO_0000228	http://purl.obolibrary.org/obo/OBI_0002919	MIRO:30000045			
EUPATH:0043027	obsolete_larval specimen collection process	collection of larvae	An arthropod specimen collection process in which the arthropods are in the larval stage.	MIRO:30000022					Obsolete Class	true	http://purl.obolibrary.org/obo/IAO_0000228	http://purl.obolibrary.org/obo/OBI_0003052	MIRO:30000022			
EUPATH:0043028	obsolete_daytime arthropod specimen collection by aspiration		An arthropod specimen collection by aspiration that occurs in the daytime.						Obsolete Class	true	http://purl.obolibrary.org/obo/IAO_0000228	http://purl.obolibrary.org/obo/OBI_0003001	MIRO:30000007			
EUPATH:0043029	obsolete_human-biting arthropod specimen collection by aspiration	man biting catch	An arthropod specimen collection by aspiration that occurs while the arthropod is biting a human.						Obsolete Class	true	http://purl.obolibrary.org/obo/IAO_0000228	http://purl.obolibrary.org/obo/OBI_0002914	MIRO:30000017			
EUPATH:0043030	obsolete_ovitrap	oviposition trap | ovitrap catch	An arthropod trap that consists of a container holding a mesh layer above water and is designed to trap arthropods hatched from eggs dropped over the water by gravid females.						Obsolete Class	true	http://purl.obolibrary.org/obo/IAO_0000228	http://purl.obolibrary.org/obo/OBI_0002938	VSMO:0001501 | MIRO:30000016			
EUPATH:0043031	obsolete_human-biting indoor arthropod specimen collection by aspiration	man biting catch - indoors	An arthropod specimen collection by aspiration that occurs while the arthropod is biting a human inside a building.						Obsolete Class	true	http://purl.obolibrary.org/obo/IAO_0000228	http://purl.obolibrary.org/obo/OBI_0002915	MIRO:30000019			
EUPATH:0043032	obsolete_human-biting outdoor arthropod specimen collection by aspiration	man biting catch - outdoors	An arthropod specimen collection by aspiration designed to catch specimens that are in the process of biting a human outside a building.						Obsolete Class	true	http://purl.obolibrary.org/obo/IAO_0000228	http://purl.obolibrary.org/obo/OBI_0002916	MIRO:30000018			
EUPATH:0043033	obsolete_arthropod specimen collection by aspiration	catch by aspiration	"A live arthropod specimen collection process that involves the use of an aspirator, a device which is brought to an arthropod and causes the arthropod to be drawn by suction into a container."	Wikipedia					Obsolete Class	true	http://purl.obolibrary.org/obo/IAO_0000228	http://purl.obolibrary.org/obo/OBI_0002912	MIRO:30000043			
EUPATH:0043034	obsolete_arthropod resting in animal house specimen collection by aspiration	animal shed resting catch	An arthropod specimen collection by aspiration that catches specimens resting inside an animal house.						Obsolete Class	true	http://purl.obolibrary.org/obo/IAO_0000228	http://purl.obolibrary.org/obo/OBI_0002908	MIRO:30000027			
EUPATH:0043035	obsolete_arthropod resting outdoors specimen collection by aspiration	outdoors shelter catch	An animal-biting arthropod specimen collection by aspiration that occurs while the arthropod is resting outside a building during a period of inactivity.						Obsolete Class	true	http://purl.obolibrary.org/obo/IAO_0000228	http://purl.obolibrary.org/obo/OBI_0002911	MIRO:30000024			
EUPATH:0043036	obsolete_outlet window trap	outlet window trap catch	An arthropod trap that is positioned adjacent to a window of a building and is designed to collect arthropods flying out of the building.	Bull World Health Organ. 1948; 1(2): 253296.					Obsolete Class	true	http://purl.obolibrary.org/obo/IAO_0000228	http://purl.obolibrary.org/obo/OBI_0002937	MIRO:30000020			
EUPATH:0043037	obsolete_adult arthropod specimen collection process	collection of adults	A live arthropod specimen collection process in which the arthropods are in the adult stage.						Obsolete Class	true	http://purl.obolibrary.org/obo/IAO_0000228	http://purl.obolibrary.org/obo/OBI_0002904	MIRO:30000052			
EUPATH:0043038	obsolete_animal-biting arthropod specimen collection by aspiration	animal biting catch	An arthropod specimen collection by aspiration that occurs while the arthropod is biting an animal.						Obsolete Class	true	http://purl.obolibrary.org/obo/IAO_0000228	http://purl.obolibrary.org/obo/OBI_0002905	MIRO:30000012			
EUPATH:0043039	obsolete_arthropod resting outdoors on artificial support specimen collection by aspiration	outdoors shelter catch - artificial	An arthropod resting outdoors specimen collection by aspiration that occurs while the arthropod rests on a processed material such as a wall or furniture.						Obsolete Class	true	http://purl.obolibrary.org/obo/IAO_0000228	http://purl.obolibrary.org/obo/OBI_0002909	MIRO:30000026			
EUPATH:0043040	obsolete_light trap for outdoor use	outdoor light trap catch	A light trap designed to be placed outside a building.						Obsolete Class	true	http://purl.obolibrary.org/obo/IAO_0000228	http://purl.obolibrary.org/obo/OBI_0002932	MIRO:30000010			
EUPATH:0043041	obsolete_arthropod trap	trap catch	A device designed to catch arthropods.						Obsolete Class	true	http://purl.obolibrary.org/obo/IAO_0000228	http://purl.obolibrary.org/obo/OBI_0002920	MIRO:30000011			
EUPATH:0043042	obsolete_arthropod specimen collection process	field population catch | collection of arthropods	A specimen collection process that has the objective of collecting arthropods as specimens.						Obsolete Class	true	http://purl.obolibrary.org/obo/IAO_0000228	http://purl.obolibrary.org/obo/OBI_0002913	MIRO:30000044 | VSMO:0001445			
EUPATH:0043043	obsolete_animal-biting outdoor arthropod specimen collection by aspiration	animal biting catch - outdoors	An animal-biting arthropod specimen collection by aspiration that occurs outside a building.						Obsolete Class	true	http://purl.obolibrary.org/obo/IAO_0000228	http://purl.obolibrary.org/obo/OBI_0002906	MIRO:30000014			
EUPATH:0043044	obsolete_arthropod resting outdoors on natural support specimen collection by aspiration	outdoors shelter catch - natural	An arthropod resting outdoors specimen collection by aspiration that occurs while the arthropod rests on an unprocessed material such as a plant.						Obsolete Class	true	http://purl.obolibrary.org/obo/IAO_0000228	http://purl.obolibrary.org/obo/OBI_0002910	MIRO:30000025			
EUPATH:0043045	obsolete_aquatic arthropod specimen collection process	aquatic environment catch	An arthropod specimen collection process that has the objective of collecting mosquitoes from an aquatic environment.						Obsolete Class	true	http://purl.obolibrary.org/obo/IAO_0000228	http://purl.obolibrary.org/obo/OBI_0002907	MIRO:30000048			
EUPATH:0043047	obsolete_landing arthropod specimen collection process	collection of landing insects	An arthropod specimen collection process that occurs while the arthropods land on a surface.						Obsolete Class	true	http://purl.obolibrary.org/obo/IAO_0000228	http://purl.obolibrary.org/obo/OBI_0003003	VSMO:0001457	"For example, while they are landing on a human bait."		
EUPATH:0043048	obsolete_hand-held sweep net		A device that consists of a network of mesh and is designed to capture adult arthropods.	VSMO:0001522					Obsolete Class	true	http://purl.obolibrary.org/obo/IAO_0000228	http://purl.obolibrary.org/obo/OBI_0003049		Can be successfully used to catch resting or flying adult arthropods.  The net typically is mounted on a frame that is attached to a handle to increase the reach. [ISBN:9781402066658]		
EUPATH:0043049	obsolete_trap for emerging adult arthropods	trap for emerging adult arthropods	An arthropod trap that is designed to trap an arthropod as it emerges from water at the beginning of its adult stage.	"American Midland Naturalist, Vol. 97, No. 2 (Apr., 1977), pp. 381-389"				https://github.com/VEuPathDB-ontology/VEuPathDB-ontology/issues/178	Obsolete Class	true	http://purl.obolibrary.org/obo/IAO_0000228	http://purl.obolibrary.org/obo/OBI_0003008	VSMO:0001352			
EUPATH:0043050	obsolete_Centers for Disease Control and Prevention gravid trap	CDC gravid trap	"A gravid trap that consists of a pan holding a hay infusion, motorized fan, and collection bag. This trap is designed to attract gravid female arthropods to the infused material, which would serve as an oviposition medium, and then draw them into the bag with the current generated by the fan."	VSMO:0001510 | J Am Mosq Control Assoc. 1988 Dec;4(4):536-8.	"The original trap CDC gravid trap (or gravid trap of Reiter) consists of a 3 inch diameter PVC inlet tube housing a 6 V motor, as used in CDC traps, on which is mounted a four-bladed 3 inch counter-clockwise fan. The inlet tube is clamped between two vertical wooden boards that fit over a black plastic box (18.5 x 14.0 x 6.5 inches). A plastic 12 inch long PVC chimney slots into the upper end of the inlet tube. The top half consists of three struts that fit into and support a netting collecting bag. For this the middle of the collecting bag is reinforced with a circular patch of denim cloth. The oviposition attractant is made by adding 1 lb of hay and 1 oz each of dried brewer's yeast and lactalbumen powder to 30 gallons of tap water. This infusion is allowed to mature for 5 days. This original gravid mosquito trap of Reiter suffers from certain limitations, namely up to 10% of the catch of adults is damaged by passing through the fan blades, and adults tend to die of desiccation. [ISBN:9781402066658]"				Obsolete Class	true	http://purl.obolibrary.org/obo/IAO_0000228	http://purl.obolibrary.org/obo/OBI_0003050				
EUPATH:0043051	obsolete_arthropod trap containing small non-human animal bait	trap containing small non-human animal bait	An arthropod trap that uses as attractant an animal that is not human and is the size of a chicken or smaller.						Obsolete Class	true	http://purl.obolibrary.org/obo/IAO_0000228	http://purl.obolibrary.org/obo/OBI_0003007	VSMO:0001595	"Small non-human animals used as bait include chickens and other birds, rabbits, rodents, and dogs."		
EUPATH:0043052	obsolete_dipper for arthropod immatures	dipper for immatures | collection of larvae from dippers | collection of pupae from dippers	A device that is designed for the collection of arthropod larvae or pupae from water and has the shape of a ladle or a pan.						Obsolete Class	true	http://purl.obolibrary.org/obo/IAO_0000228	http://purl.obolibrary.org/obo/OBI_0002927	VSMO:0001479 | MIRO:30000064 | MIRO:30000063	"A dipper is a commonly used tool for collecting larvae and pupae from their aquatic development sites.  Dippers vary in size, shape and the material they are constructed from.  A variety of utensils have been used as dippers, e.g. soup ladles, rectangular enamel pie dishes, photographic trays, frying pans, plastic or enamel bowls, household metal strainers and spoons.  Volumes of water collected by the dipper can vary from 100 ml to more than 1 liter depending on the specific dipper used.  Dippers can be equipped with plastic or metal screen bottoms, or customized with long handles to increase their reach.\ [ISBN:9781402066658]"""		
EUPATH:0043053	obsolete_resting flight-capable arthropod specimen collection process	collection of resting insects capable of flight	An arthropod specimen collection process that occurs while an arthropod that is capable of flight is resting outdoors during a period of inactivity.						Obsolete Class	true	http://purl.obolibrary.org/obo/IAO_0000228	http://purl.obolibrary.org/obo/OBI_0003000	VSMO:0000514			
EUPATH:0043054	obsolete_free-standing window trap		"An arthropod trap that consists of a transparent window placed in a box that holds a liquid solution deadly to arthropods. This trap is designed to stop an arthropod in flight, causing it to fall into the liquid and die."						Obsolete Class	true	http://purl.obolibrary.org/obo/IAO_0000228	http://purl.obolibrary.org/obo/OBI_0003046	VSMO:0001649	"For example, Jonsson developed a free-standing window trap consisting of a 16 x 20-cm perspex box, 16 cm high and divided in the middle by a 20 x 36-cm sheet of perspex (window).  The two compartments of the box are filled to a depth of about 12 cm with 4-6% formalin containing a few drops of detergent; in winter ethylene glycol can be added to prevent freezing.  One or two holes drilled in one side of the box at 12 cm and covered with fine netting prevent the trap overflowing after heavy rain.  Traps are mounted on aluminium poles.  Flying insects on hitting the transparent vertical plastic window fall into the formalin.  The window trap may catch vectors that are seeking a host or moving for other purposes."" [ISBN:9781402066658]"		
EUPATH:0043055	obsolete_device for resting of adult arthropods for collection	trap or shelter for resting adult arthropods	A device that is designed to provide a solid surface that is attractive to an arthropod as a place to rest during a period of inactivity.						Obsolete Class	true	http://purl.obolibrary.org/obo/IAO_0000228	http://purl.obolibrary.org/obo/OBI_0003005	VSMO:0001355	Most commonly used to collect mosquitoes.		
EUPATH:0043057	obsolete_arthropod resting in human house specimen collection by aspiration		An arthropod specimen collection by aspiration that catches specimens resting inside a human house.						Obsolete Class	true	http://purl.obolibrary.org/obo/IAO_0000228	http://purl.obolibrary.org/obo/OBI_0003002				
EUPATH:0043058	obsolete_baited net trap		"An arthropod trap designed to work with an animal (which could be human) inside a netted structure. This structure is designed so that an arthropod, attracted by the animal, can fly into the netted structure but can neither escape nor reach the animal."						Obsolete Class	true	http://purl.obolibrary.org/obo/IAO_0000228	http://purl.obolibrary.org/obo/OBI_0002922				
EUPATH:0043060	obsolete_pupal specimen collection process	collection of pupae	An arthropod specimen collection process in which the arthropods are in the pupal stage.	MIRO:30000050					Obsolete Class	true	http://purl.obolibrary.org/obo/IAO_0000228	http://purl.obolibrary.org/obo/OBI_0003053				
EUPATH:0043062	obsolete_resting arthropod trap		An arthropod trap that is designed to be attractive to an arthropod as a place to rest during a period of inactivity.						Obsolete Class	true	http://purl.obolibrary.org/obo/IAO_0000228	http://purl.obolibrary.org/obo/OBI_0002939				
EUPATH:0043065	obsolete_UV light source		A light source that provides UV light for use in a distant area using a delivery system.			Jie Zheng		https://github.com/VEuPathDB-ontology/VEuPathDB-ontology/issues/76	Obsolete Class	true	http://purl.obolibrary.org/obo/IAO_0000228	http://purl.obolibrary.org/obo/OBI_0002900				
EUPATH:0043066	obsolete_visible light source		A light source that provides visible light for use in a distant area using a delivery system.			Jie Zheng		https://github.com/VEuPathDB-ontology/VEuPathDB-ontology/issues/76	Obsolete Class	true	http://purl.obolibrary.org/obo/IAO_0000228	http://purl.obolibrary.org/obo/OBI_0002901				
EUPATH:0043077	obsolete_Aedes ledgeri					Person: John Judkins		https://github.com/VEuPathDB-ontology/VEuPathDB-ontology/issues/216	Obsolete Class	true	http://purl.obolibrary.org/obo/IAO_0000228	http://purl.obolibrary.org/obo/NCBITaxon_2761511			  	
EUPATH:0043090	obsolete_Anopheles franciscanus					Person: John Judkins		https://github.com/VEuPathDB-ontology/VEuPathDB-ontology/issues/216	Obsolete Class	true	http://purl.obolibrary.org/obo/IAO_0000228	http://purl.obolibrary.org/obo/NCBITaxon_2785382			  	
EUPATH:0043097	obsolete_Culex aurantapex					Person: John Judkins		https://github.com/VEuPathDB-ontology/VEuPathDB-ontology/issues/216	Obsolete Class	true	http://purl.obolibrary.org/obo/IAO_0000228	http://purl.obolibrary.org/obo/NCBITaxon_2563468			  	
EUPATH:0043104	obsolete_Culex rubinotus					Person: John Judkins		https://github.com/VEuPathDB-ontology/VEuPathDB-ontology/issues/216	Obsolete Class	true	http://purl.obolibrary.org/obo/IAO_0000228	http://purl.obolibrary.org/obo/NCBITaxon_1678250			  	
EUPATH:0043106	obsolete_Culex stigmatosoma					Person: John Judkins		https://github.com/VEuPathDB-ontology/VEuPathDB-ontology/issues/216	Obsolete Class	true	http://purl.obolibrary.org/obo/IAO_0000228	http://purl.obolibrary.org/obo/NCBITaxon_1481111			  	
EUPATH:0043109	obsolete_Mimomyia mediolineata					Person: John Judkins		https://github.com/VEuPathDB-ontology/VEuPathDB-ontology/issues/216	Obsolete Class	true	http://purl.obolibrary.org/obo/IAO_0000228	http://purl.obolibrary.org/obo/NCBITaxon_2563599			  	
EUPATH:0043110	obsolete_Mimomyia mimomyiaformis					Person: John Judkins		https://github.com/VEuPathDB-ontology/VEuPathDB-ontology/issues/216	Obsolete Class	true	http://purl.obolibrary.org/obo/IAO_0000228	http://purl.obolibrary.org/obo/NCBITaxon_2563597			  	
EUPATH:0043115	obsolete_insecticide resistance datum		A data item that is about resistance to an insecticide.			Person: John Judkins			Obsolete Class	true	http://purl.obolibrary.org/obo/IAO_0000228	http://purl.obolibrary.org/obo/OBI_0003063				
EUPATH:0043192	obsolete_egg specimen collection process	collection of eggs	An arthropod specimen collection process in which the arthropods are in the embryo stage.	MIRO:30000049					Obsolete Class	true	http://purl.obolibrary.org/obo/IAO_0000228	http://purl.obolibrary.org/obo/OBI_0003051				
EUPATH:0043194	obsolete_organism identification datum	species assay result	A data item that is the specified output of an organism identification assay.						Obsolete Class	true	http://purl.obolibrary.org/obo/IAO_0000228	http://purl.obolibrary.org/obo/OBI_0003064	VBcv:0000961			
EUPATH:0043197	obsolete_well net for arthropod immatures		A device that is designed for the collection of arthropod larvae or pupae from water and consists of a conical net.	VEuPathDB		Person: John Judkins			Obsolete Class	true	http://purl.obolibrary.org/obo/IAO_0000228	http://purl.obolibrary.org/obo/OBI_0003006				
EUPATH:0043198	obsolete_gravid female arthropod specimen collection process		An arthropod specimen collection process that has the objective of collecting gravid female arthropods.	VEuPathDB		Person: John Judkins			Obsolete Class	true	http://purl.obolibrary.org/obo/IAO_0000228	http://purl.obolibrary.org/obo/OBI_0002999				
EUPATH:0043199	obsolete_arthropod collection process with automated identification		An arthropod specimen collection process that involves a device that produces data specifying the types of arthropod collected.	VEuPathDB		Person: John Judkins			Obsolete Class	true	http://purl.obolibrary.org/obo/IAO_0000228	http://purl.obolibrary.org/obo/OBI_0002998				
EUPATH:0043200	obsolete_flying adult arthropod collection process by passive interception		"An adult arthropod specimen collection process that has the objective of collecting arthropods capable of flight, through the use of a barrier trap."	VEuPathDB		Person: John Judkins			Obsolete Class	true	http://purl.obolibrary.org/obo/IAO_0000228	http://purl.obolibrary.org/obo/OBI_0003004				