Ontology ID	label	definition source	parent class	Boolean	organism	assay
ID		A definition source SPLIT=|	SC %	SC 'has value specification' some ('has specified numeric value' only %)	SC 'is about' some %	SC is_specified_output_of some %
EUPATH:0000207	presence of Plasmodium gametocyte in blood by microscopy assay	VEuPathDB	Plasmodium gametocytes in blood by microscopy assay datum	xsd:boolean	Plasmodium gametocyte	
EUPATH:0000487	presence of Plasmodium in blood by loop-mediated isothermal amplification	VEuPathDB	eukaryota in blood datum	xsd:boolean	Plasmodium	loop-mediated isothermal amplification
EUPATH:0000798	presence of organism in blood	VEuPathDB	blood microbiology datum	xsd:boolean	organism	
EUPATH:0000799	presence of organism in cerebrospinal fluid	VEuPathDB	cerebrospinal fluid microbiology datum	xsd:boolean	organism	
EUPATH:0000800	presence of organism in endotracheal aspirate	VEuPathDB	endotracheal tube aspirate microbiology datum	xsd:boolean	organism	
EUPATH:0000801	presence of organism in feces	VEuPathDB	feces microbiology datum	xsd:boolean	organism	
EUPATH:0000802	presence of organism in induced sputum	VEuPathDB	induced sputum microbiology datum	xsd:boolean	organism	
EUPATH:0000803	presence of organism in lung	VEuPathDB	lung microbiology datum	xsd:boolean	organism	
EUPATH:0000804	presence of organism in nasopharynx or oropharynx	VEuPathDB	nasopharyngeal or oropharyngeal swab microbiology datum	xsd:boolean	organism	
EUPATH:0000805	presence of organism in pleural fluid	VEuPathDB	pleural fluid microbiology datum	xsd:boolean	organism	
EUPATH:0000806	presence or organism in umbilical cord blood	VEuPathDB	umbilical cord blood microbiology datum	xsd:boolean	organism	
EUPATH:0000807	presence of organism in urine	VEuPathDB	urine microbiology datum	xsd:boolean	organism	
EUPATH:0000814	presence of organism in placental blood	VEuPathDB	placental blood microbiology datum	xsd:boolean	organism	
EUPATH:0010599	presence of Adenoviridae in feces by enzyme-linked immunosorbent assay	VEuPathDB	Adenovirus in feces by enzyme-linked immunosorbent assay datum	xsd:boolean	Adenoviridae	
EUPATH:0010607	presence of Ascaris lumbricoides in feces by microscopy assay	VEuPathDB	eukaryota in feces datum	xsd:boolean	Ascaris lumbricoides	microscopy assay
EUPATH:0010611	presence of Astrovirus in feces by enzyme-linked immunosorbent assay	VEuPathDB	Astrovirus in feces by enzyme-linked immunosorbent assay datum	xsd:boolean	Astroviridae	
EUPATH:0010615	presence of Trichuris trichiura in feces by microscopy assay	VEuPathDB	eukaryota in feces datum	xsd:boolean	Trichuris trichiura	microscopy assay
EUPATH:0010623	presence of Balantioides coli in feces by microscopy assay	VEuPathDB	eukaryota in feces datum	xsd:boolean	Balantioides cf. coli	microscopy assay
EUPATH:0010643	presence of Chilomastix mesnili in feces by microscopy assay	VEuPathDB	eukaryota in feces datum	xsd:boolean	Chilomastix mesnili	microscopy assay
EUPATH:0010651	presence of Cyclospora in feces by microscopy assay	VEuPathDB	eukaryota in feces datum	xsd:boolean	Cyclospora	microscopy assay
EUPATH:0010695	presence of Entamoeba histolytica in feces by enzyme-linked immunosorbent assay	VEuPathDB	Entamoeba histolytica in feces by enzyme-linked immunosorbent assay datum	xsd:boolean	Entamoeba histolytica	
EUPATH:0010703	presence of Endolimax nana in feces by microscopy assay	VEuPathDB	eukaryota in feces datum	xsd:boolean	Endolimax nana	microscopy assay
EUPATH:0010715	presence of Enterobius vermicularis in feces by microscopy assay	VEuPathDB	eukaryota in feces datum	xsd:boolean	Enterobius vermicularis	microscopy assay
EUPATH:0010726	presence of Hymenolepis diminuta in feces by microscopy assay	VEuPathDB	eukaryota in feces datum	xsd:boolean	Hymenolepis diminuta	microscopy assay
EUPATH:0010730	presence of Rodentolepis nana in feces by microscopy assay	VEuPathDB	eukaryota in feces datum	xsd:boolean	Rodentolepis nana	microscopy assay
EUPATH:0010734	presence of Ancylostomatoidea in feces by microscopy assay	VEuPathDB	eukaryota in feces datum	xsd:boolean	Ancylostomatoidea	microscopy assay
EUPATH:0010738	presence of Iodamoeba butschlii by microscopy assay	VEuPathDB	eukaryota in feces datum	xsd:boolean	Iodamoeba	microscopy assay
EUPATH:0010754	presence of Entamoeba coli in feces by microscopy assay	VEuPathDB	eukaryota in feces datum	xsd:boolean	Entamoeba coli	microscopy assay
EUPATH:0010767	presence of Norovirus in feces by real time polymerase chain reaction assay	VEuPathDB	virus in feces datum	xsd:boolean	Norovirus	real time polymerase chain reaction assay
EUPATH:0010771	presence of Norovirus GI in feces by real time polymerase chain reaction assay	VEuPathDB	virus in feces datum	xsd:boolean	Norovirus GI	real time polymerase chain reaction assay
EUPATH:0010775	presence of Norovirus GII in feces by real time polymerase chain reaction assay	VEuPathDB	virus in feces datum	xsd:boolean	Norovirus GII	real time polymerase chain reaction assay
EUPATH:0010793	presence of Rotavirus in feces by enzyme-linked immunosorbent assay	VEuPathDB	virus in feces datum	xsd:boolean	Rotavirus	enzyme-linked immunosorbent assay
EUPATH:0010801	presence of Schistosoma in feces by microscopy assay	VEuPathDB	eukaryota in feces datum	xsd:boolean	Schistosoma	microscopy assay
EUPATH:0010809	presence of Strongyloides stercoralis in feces by microscopy assay	VEuPathDB	eukaryota in feces datum	xsd:boolean	Strongyloides stercoralis	microscopy assay
EUPATH:0010817	presence of Escherichia coli in feces by polymerase chain reaction assay	VEuPathDB	Escherichia coli in feces datum	xsd:boolean	Escherichia coli	polymerase chain reaction assay
EUPATH:0010821	presence of Taenia in feces by microscopy assay	VEuPathDB	eukaryota in feces datum	xsd:boolean	Taenia	microscopy assay
EUPATH:0010875	presence of unspecified bacteria in feces by unspecified assay	VEuPathDB	bacteria in feces datum	xsd:boolean		
EUPATH:0010882	presence of unspecified parasite organism in feces by unspecified assay	VEuPathDB	feces microbiology datum	xsd:boolean	parasite organism	
EUPATH:0010889	presence of unspecified pathogen in feces by unspecified assay	VEuPathDB	feces microbiology datum	xsd:boolean	pathogen	
EUPATH:0010890	presence of any pathogen excluding Norovirus in feces by unspecified assay	VEuPathDB	feces microbiology datum	xsd:boolean	(pathogen and (not Norovirus))	
EUPATH:0010931	presence of unspecified virus in feces by unspecified assay	VEuPathDB	virus in feces datum	xsd:boolean	Viruses	
EUPATH:0010935	presence of virus excluding Norovirus in feces	VEuPathDB	virus in feces datum	xsd:boolean	(Viruses and (not Norovirus))	
EUPATH:0010997	presence of parasite organism in feces by modified acid-fast stain microscopy assay	VEuPathDB	feces microbiology datum	xsd:boolean	parasite organism	modified acid-fast stain microscopy assay
EUPATH:0010999	presence of Campylobacter in feces by enzyme-linked immunosorbent assay	VEuPathDB	Campylobacter in feces by enzyme-linked immunosorbent assay datum	xsd:boolean	Campylobacter	enzyme-linked immunosorbent assay
EUPATH:0011000	presence of Cryptosporidium in feces by enzyme-linked immunosorbent assay	VEuPathDB	Cryptosporidium in feces by enzyme-linked immunosorbent assay datum	xsd:boolean	Cryptosporidium	enzyme-linked immunosorbent assay
EUPATH:0011003	presence of Giardia in feces by enzyme-linked immunosorbent assay	VEuPathDB	Giardia in feces by enzyme-linked immunosorbent assay datum	xsd:boolean	Giardia <diplomonads>	enzyme-linked immunosorbent assay
EUPATH:0011005	presence of Isospora in feces by microscopy assay	VEuPathDB	eukaryota in feces datum	xsd:boolean	Isospora	microscopy assay
EUPATH:0011958	presence of Vibrio in feces	VEuPathDB	bacteria in feces datum	xsd:boolean	Vibrio	
EUPATH:0011959	presence of virus in feces	VEuPathDB	virus in feces datum	xsd:boolean	Viruses	
EUPATH:0011960	presence of Yersinia in feces	VEuPathDB	bacteria in feces datum	xsd:boolean	Yersinia <enterobacteria>	
EUPATH:0011965	presence of Aeromonas in feces	VEuPathDB	bacteria in feces datum	xsd:boolean	Aeromonas	
EUPATH:0011967	presence of bacteria in feces	VEuPathDB	bacteria in feces datum	xsd:boolean	Bacteria	
EUPATH:0011969	presence of Campylobacter in feces	VEuPathDB	bacteria in feces datum	xsd:boolean	Campylobacter	
EUPATH:0011976	presence of Escherichia in feces	VEuPathDB	bacteria in feces datum	xsd:boolean	Escherichia	
EUPATH:0011981	presence of Plesiomonas in feces	VEuPathDB	bacteria in feces datum	xsd:boolean	Plesiomonas	
EUPATH:0011983	presence of Salmonella in feces	VEuPathDB	bacteria in feces datum	xsd:boolean	Salmonella	
EUPATH:0011984	presence of Shigella in feces	VEuPathDB	bacteria in feces datum	xsd:boolean	Shigella	
EUPATH:0011989	presence of Norovirus GI in feces by real time reverse-transcription polymerase chain reaction assay	VEuPathDB	virus in feces datum	xsd:boolean	Norovirus GI	real time reverse-transcription polymerase chain reaction assay
EUPATH:0011990	presence of Norovirus GII in feces by real time reverse-transcription polymerase chain reaction assay	VEuPathDB	virus in feces datum	xsd:boolean	Norovirus GII	real time reverse-transcription polymerase chain reaction assay
EUPATH:0015288	presence of Human mastadenovirus F in feces by enzyme-linked immunosorbent assay	VEuPathDB	virus in feces datum	xsd:boolean	Human mastadenovirus F	enzyme-linked immunosorbent assay
EUPATH:0015289	presence of Adenoviridae excluding human mastadenovirus F in feces by enzyme-linked immunosorbent assay	VEuPathDB	virus in feces datum	xsd:boolean	(Adenoviridae and (not 'Human mastadenovirus F'))	enzyme-linked immunosorbent assay
EUPATH:0015296	presence of Sapovirus in feces by reverse transcription polymerase chain reaction assay	VEuPathDB	virus in feces datum	xsd:boolean	Sapovirus	reverse transcription polymerase chain reaction assay
EUPATH:0015329	presence of Astrovirus in feces by reverse transcription polymerase chain reaction assay	VEuPathDB	virus in feces datum	xsd:boolean	Astroviridae	reverse transcription polymerase chain reaction assay
EUPATH:0015401	presence of Ancylostoma duodenale in feces by real time polymerase chain reaction assay	VEuPathDB	eukaryota in feces datum	xsd:boolean	Ancylostoma duodenale	real time polymerase chain reaction assay
EUPATH:0015402	presence of Ascaris lumbricoides in feces by real time polymerase chain reaction assay	VEuPathDB	eukaryota in feces datum	xsd:boolean	Ascaris lumbricoides	real time polymerase chain reaction assay
EUPATH:0015429	presence of Helicobacter pylori in feces by immunoassay	VEuPathDB	bacteria in feces datum	xsd:boolean	Helicobacter pylori	single-value binding of antibody with reporter to antigen assay
EUPATH:0015431	presence of Ancylostomatoidea in feces by real time polymerase chain reaction assay	VEuPathDB	eukaryota in feces datum	xsd:boolean	Ancylostomatoidea	real time polymerase chain reaction assay
EUPATH:0015437	presence of Necator americanus in feces by real time polymerase chain reaction assay	VEuPathDB	eukaryota in feces datum	xsd:boolean	Necator americanus	real time polymerase chain reaction assay
EUPATH:0015456	presence of Strongyloides stercoralis in feces by reverse transcription polymerase chain reaction assay	VEuPathDB	Strongyloides stercoralis in feces by reverse transcription polymerase chain reaction assay datum	xsd:boolean	Strongyloides stercoralis	reverse transcription polymerase chain reaction assay
EUPATH:0015460	presence of Bacteroides fragilis in feces by polymerase chain reaction assay	VEuPathDB	Bacteroides fragilis in feces by reverse transcription polymerase chain reaction assay datum	xsd:boolean	Bacteroides fragilis	polymerase chain reaction assay
EUPATH:0015717	presence of Bacteroides in feces	VEuPathDB	bacteria in feces datum	xsd:boolean	Bacteroides	
EUPATH:0015718	presence of Clostridioides in feces	VEuPathDB	bacteria in feces datum	xsd:boolean	Clostridioides	
EUPATH:0015719	presence of Helicobacter in feces	VEuPathDB	bacteria in feces datum	xsd:boolean	Helicobacter	
EUPATH:0021131	presence of typhus group in blood	VEuPathDB	bacteria in blood datum	xsd:boolean	typhus group	
EUPATH:0021132	presence of Chikungunya virus in blood	VEuPathDB	virus in blood datum	xsd:boolean	Chikungunya virus	
EUPATH:0021133	presence of Dengue virus in blood	VEuPathDB	virus in blood datum	xsd:boolean	Dengue virus	
EUPATH:0021134	presence of Orthohepadnavirus in blood	VEuPathDB	virus in blood datum	xsd:boolean	Orthohepadnavirus	
EUPATH:0021137	presence of Salmonella enterica subsp. enterica serovar Typhi in blood by polymerase chain reaction assay	VEuPathDB	bacteria in blood datum	xsd:boolean	Salmonella enterica subsp. enterica serovar Typhi	polymerase chain reaction assay
EUPATH:0021164	presence of Chikungunya virus in blood by unspecified assay	VEuPathDB	virus in blood datum	xsd:boolean	Chikungunya virus	
EUPATH:0021166	presence of Dengue virus in blood by unspecified assay	VEuPathDB	virus in blood datum	xsd:boolean	Dengue virus	
EUPATH:0021170	presence of Hepacivirus C in blood by unspecified assay	VEuPathDB	virus in blood datum	xsd:boolean	Hepacivirus C	
EUPATH:0021171	presence of Hepatitis B virus in blood by surface antigen assay	VEuPathDB	virus in blood datum	xsd:boolean	Hepatitis B virus	HBV surface antigen assay
EUPATH:0021172	presence of Human immunodeficiency virus 1 in blood by unspecified assay	VEuPathDB	virus in blood datum	xsd:boolean	Human immunodeficiency virus 1	
EUPATH:0021232	presence of Lentivirus in blood	VEuPathDB	virus in blood datum	xsd:boolean	Lentivirus	
EUPATH:0021233	presence of Hepacivirus in blood	VEuPathDB	virus in blood datum	xsd:boolean	Hepacivirus	
EUPATH:0022118	presence of parasite organism in feces by microscopy assay	VEuPathDB	eukaryota in feces datum	xsd:boolean	parasite organism	microscopy assay
EUPATH:0022172	presence of Plasmodium gametocyte in blood by real time polymerase chain reaction assay	VEuPathDB	eukaryota in blood datum	xsd:boolean	Plasmodium gametocyte	real time polymerase chain reaction assay
EUPATH:0023004	presence of bacteria in blood by microscopy assay	VEuPathDB	bacteria in blood datum	xsd:boolean	Bacteria	microscopy assay
EUPATH:0025125	presence of Plasmodium in blood by real time polymerase chain reaction assay	VEuPathDB	Plasmodium in blood by real time polymerase chain reaction assay datum	xsd:boolean	Plasmodium	
EUPATH:0027009	presence of Plasmodium in blood by microscopy assay	VEuPathDB	Plasmodium in blood by microscopy assay datum	xsd:boolean	Plasmodium	microscopy assay
EUPATH:0030117	presence of eukaryote in feces	VEuPathDB	eukaryota in feces datum	xsd:boolean	Eukaryota	
EUPATH:0030121	presence of Schistosoma mansoni in feces by microscopy assay	VEuPathDB	eukaryota in feces datum	xsd:boolean	Schistosoma mansoni	microscopy assay
EUPATH:0030122	presence of Schistosoma in urine	VEuPathDB	eukaryota in urine datum	xsd:boolean	Schistosoma	
EUPATH:0030123	presence of Schistosoma haematobium in urine by microscopy assay	VEuPathDB	eukaryota in urine datum	xsd:boolean	Schistosoma haematobium	microscopy assay
EUPATH:0030125	presence of eukaryote in urine	VEuPathDB	eukaryota in urine datum	xsd:boolean	Eukaryota	
EUPATH:0032002	presence of bacteria in induced sputum	VEuPathDB	bacteria in induced sputum datum	xsd:boolean	Bacteria	
EUPATH:0032003	presence of eukaryote in induced sputum	VEuPathDB	eukaryota in induced sputum datum	xsd:boolean	Eukaryota	
EUPATH:0032010	presence of bacteria in pleural fluid	VEuPathDB	bacteria in pleural fluid datum	xsd:boolean	Bacteria	
EUPATH:0032011	presence of eukaryote in pleural fluid	VEuPathDB	eukaryota in pleural fluid datum	xsd:boolean	Eukaryota	
EUPATH:0032012	presence of virus in pleural fluid	VEuPathDB	virus in pleural fluid datum	xsd:boolean	Viruses	
EUPATH:0032018	presence of bacteria in lung	VEuPathDB	bacteria in lung datum	xsd:boolean	Bacteria	
EUPATH:0032019	presence of eukaryote in lung	VEuPathDB	eukaryota in lung datum	xsd:boolean	Eukaryota	
EUPATH:0032020	presence of virus in lung	VEuPathDB	virus in lung datum	xsd:boolean	Viruses	
EUPATH:0032026	presence of bacteria in nasopharynx or oropharynx	VEuPathDB	bacteria in nasopharyngeal or oropharyngeal swab datum	xsd:boolean	Bacteria	
EUPATH:0032027	presence of eukaryote in nasopharynx or oropharynx	VEuPathDB	eukaryota in nasopharyngeal or oropharyngeal swab datum	xsd:boolean	Eukaryota	
EUPATH:0032028	presence of virus in nasopharynx or oropharynx	VEuPathDB	virus in nasopharyngeal or oropharyngeal swab datum	xsd:boolean	Viruses	
EUPATH:0032187	presence of Haemophilus in lung	VEuPathDB	bacteria in lung datum	xsd:boolean	Haemophilus	
EUPATH:0032188	presence of Moraxella in lung	VEuPathDB	bacteria in lung datum	xsd:boolean	Moraxella	
EUPATH:0032189	presence of Staphylococcus in lung	VEuPathDB	bacteria in lung datum	xsd:boolean	Staphylococcus	
EUPATH:0032190	presence of Streptococcus in lung	VEuPathDB	bacteria in lung datum	xsd:boolean	Streptococcus	
EUPATH:0032273	presence of bacteria in induced sputum by multiplex real time polymerase chain reaction assay	VEuPathDB	bacteria in induced sputum datum	xsd:boolean	Bacteria	multiplex real time polymerase chain reaction assay
EUPATH:0032276	presence of Bordetella pertussis in induced sputum by multiplex real time polymerase chain reaction assay	VEuPathDB	bacteria in induced sputum datum	xsd:boolean	Bordetella pertussis	multiplex real time polymerase chain reaction assay
EUPATH:0032279	presence of Chlamydia pneumoniae in induced sputum by multiplex real time polymerase chain reaction assay	VEuPathDB	bacteria in induced sputum datum	xsd:boolean	Chlamydia pneumoniae	multiplex real time polymerase chain reaction assay
EUPATH:0032311	presence of Haemophilus influenzae serotype b in induced sputum by multiplex real time polymerase chain reaction assay	VEuPathDB	Haemophilus influenzae serotype b in induced sputum datum	xsd:boolean	Haemophilus influenzae serotype b	multiplex real time polymerase chain reaction assay
EUPATH:0032320	presence of Haemophilus influenzae in induced sputum by multiplex real time polymerase chain reaction assay	VEuPathDB	Haemophilus influenzae in induced sputum datum	xsd:boolean	Haemophilus influenzae	multiplex real time polymerase chain reaction assay
EUPATH:0032323	presence of Haemophilus parahaemolyticus in induced sputum by multiplex real time polymerase chain reaction assay	VEuPathDB	Haemophilus parahaemolyticus in induced sputum datum	xsd:boolean	Haemophilus parahaemolyticus	multiplex real time polymerase chain reaction assay
EUPATH:0032338	presence of Legionella in induced sputum by multiplex real time polymerase chain reaction assay	VEuPathDB	bacteria in induced sputum datum	xsd:boolean	Legionella	multiplex real time polymerase chain reaction assay
EUPATH:0032343	presence of Moraxella catarrhalis in induced sputum by multiplex real time polymerase chain reaction assay	VEuPathDB	Moraxella catarrhalis in induced sputum datum	xsd:boolean	Moraxella catarrhalis	multiplex real time polymerase chain reaction assay
EUPATH:0032348	presence of Mycoplasmoides pneumoniae in induced sputum by multiplex real time polymerase chain reaction assay	VEuPathDB	bacteria in induced sputum datum	xsd:boolean	Mycoplasmoides pneumoniae	multiplex real time polymerase chain reaction assay
EUPATH:0032363	presence of Salmonella in induced sputum by multiplex real time polymerase chain reaction assay	VEuPathDB	Salmonella in induced sputum datum	xsd:boolean	Salmonella	multiplex real time polymerase chain reaction assay
EUPATH:0032372	presence of Staphylococcus aureus in induced sputum by multiplex real time polymerase chain reaction assay	VEuPathDB	Staphylococcus aureus in induced sputum datum	xsd:boolean	Staphylococcus aureus	multiplex real time polymerase chain reaction assay
EUPATH:0032475	presence of Streptococcus pneumoniae in induced sputum by multiplex real time polymerase chain reaction assay	VEuPathDB	Streptococcus pneumoniae in induced sputum datum	xsd:boolean	Streptococcus pneumoniae	multiplex real time polymerase chain reaction assay
EUPATH:0032484	presence of Pneumocystis jirovecii in induced sputum by multiplex real time polymerase chain reaction assay	VEuPathDB	eukaryota in induced sputum datum	xsd:boolean	Pneumocystis jirovecii	multiplex real time polymerase chain reaction assay
EUPATH:0032609	presence of Adenoviridae in induced sputum by multiplex real time polymerase chain reaction assay	VEuPathDB	virus in induced sputum datum	xsd:boolean	Adenoviridae	multiplex real time polymerase chain reaction assay
EUPATH:0032611	presence of virus in induced sputum by multiplex real time polymerase chain reaction assay	VEuPathDB	virus in induced sputum datum	xsd:boolean	Viruses	multiplex real time polymerase chain reaction assay
EUPATH:0032612	presence of human coronavirus 229E in induced sputum by multiplex real time polymerase chain reaction assay	VEuPathDB	virus in induced sputum datum	xsd:boolean	Human coronavirus 229E	multiplex real time polymerase chain reaction assay
EUPATH:0032613	presence of Human coronavirus OC43 in induced sputum by multiplex real time polymerase chain reaction assay	VEuPathDB	virus in induced sputum datum	xsd:boolean	Human coronavirus OC43	multiplex real time polymerase chain reaction assay
EUPATH:0032614	presence of Human coronavirus NL63 in induced sputum by multiplex real time polymerase chain reaction assay	VEuPathDB	virus in induced sputum datum	xsd:boolean	Human coronavirus NL63	multiplex real time polymerase chain reaction assay
EUPATH:0032615	presence of Human coronavirus HKU1 in induced sputum by multiplex real time polymerase chain reaction assay	VEuPathDB	virus in induced sputum datum	xsd:boolean	Human coronavirus HKU1	multiplex real time polymerase chain reaction assay
EUPATH:0032616	presence of Cytomegalovirus in induced sputum by multiplex real time polymerase chain reaction assay	VEuPathDB	virus in induced sputum datum	xsd:boolean	Cytomegalovirus	multiplex real time polymerase chain reaction assay
EUPATH:0032617	presence of Human bocavirus in induced sputum by multiplex real time polymerase chain reaction assay	VEuPathDB	virus in induced sputum datum	xsd:boolean	Human bocavirus	multiplex real time polymerase chain reaction assay
EUPATH:0032618	presence of Human metapneumovirus in induced sputum by multiplex real time polymerase chain reaction assay	VEuPathDB	virus in induced sputum datum	xsd:boolean	Human metapneumovirus	multiplex real time polymerase chain reaction assay
EUPATH:0032619	presence of Human orthopneumovirus in induced sputum by multiplex real time polymerase chain reaction assay	VEuPathDB	virus in induced sputum datum	xsd:boolean	Human orthopneumovirus	multiplex real time polymerase chain reaction assay
EUPATH:0032620	presence of Influenza A virus in induced sputum by multiplex real time polymerase chain reaction assay	VEuPathDB	virus in induced sputum datum	xsd:boolean	Influenza A virus	multiplex real time polymerase chain reaction assay
EUPATH:0032621	presence of Influenza B virus in induced sputum by multiplex real time polymerase chain reaction assay	VEuPathDB	virus in induced sputum datum	xsd:boolean	Influenza B virus	multiplex real time polymerase chain reaction assay
EUPATH:0032622	presence of Influenza C virus in induced sputum by multiplex real time polymerase chain reaction assay	VEuPathDB	virus in induced sputum datum	xsd:boolean	Influenza C virus	multiplex real time polymerase chain reaction assay
EUPATH:0032623	presence of Human respirovirus 1 in induced sputum by multiplex real time polymerase chain reaction assay	VEuPathDB	virus in induced sputum datum	xsd:boolean	Human respirovirus 1	multiplex real time polymerase chain reaction assay
EUPATH:0032624	presence of Human orthorubulavirus 2 in induced sputum by multiplex real time polymerase chain reaction assay	VEuPathDB	virus in induced sputum datum	xsd:boolean	Human orthorubulavirus 2	multiplex real time polymerase chain reaction assay
EUPATH:0032625	presence of Human respirovirus 3 in induced sputum by multiplex real time polymerase chain reaction assay	VEuPathDB	virus in induced sputum datum	xsd:boolean	Human respirovirus 3	multiplex real time polymerase chain reaction assay
EUPATH:0032626	presence of Human orthorubulavirus 4 in induced sputum by multiplex real time polymerase chain reaction assay	VEuPathDB	virus in induced sputum datum	xsd:boolean	Human orthorubulavirus 4	multiplex real time polymerase chain reaction assay
EUPATH:0032627	presence of Picornaviridae in induced sputum by multiplex real time polymerase chain reaction assay	VEuPathDB	virus in induced sputum datum	xsd:boolean	Picornaviridae	multiplex real time polymerase chain reaction assay
EUPATH:0032628	presence of Rhinovirus in induced sputum by multiplex real time polymerase chain reaction assay	VEuPathDB	virus in induced sputum datum	xsd:boolean	Rhinovirus	multiplex real time polymerase chain reaction assay
EUPATH:0032634	presence of bacteria in lung by multiplex real time polymerase chain reaction assay	VEuPathDB	bacteria in lung datum	xsd:boolean	Bacteria	multiplex real time polymerase chain reaction assay
EUPATH:0032635	presence of Bordetella pertussis in lung by multiplex real time polymerase chain reaction assay	VEuPathDB	bacteria in lung datum	xsd:boolean	Bordetella pertussis	multiplex real time polymerase chain reaction assay
EUPATH:0032636	presence of Chlamydia pneumoniae in lung by multiplex real time polymerase chain reaction assay	VEuPathDB	bacteria in lung datum	xsd:boolean	Chlamydia pneumoniae	multiplex real time polymerase chain reaction assay
EUPATH:0032638	presence of Haemophilus influenzae serotype b in lung by multiplex real time polymerase chain reaction assay	VEuPathDB	bacteria in lung datum	xsd:boolean	Haemophilus influenzae serotype b	multiplex real time polymerase chain reaction assay
EUPATH:0032641	presence of Haemophilus influenzae in lung by multiplex real time polymerase chain reaction assay	VEuPathDB	bacteria in lung datum	xsd:boolean	Haemophilus influenzae	multiplex real time polymerase chain reaction assay
EUPATH:0032642	presence of Haemophilus parahaemolyticus in lung by multiplex real time polymerase chain reaction assay	VEuPathDB	bacteria in lung datum	xsd:boolean	Haemophilus parahaemolyticus	multiplex real time polymerase chain reaction assay
EUPATH:0032643	presence of Legionella in lung by multiplex real time polymerase chain reaction assay	VEuPathDB	bacteria in lung datum	xsd:boolean	Legionella	multiplex real time polymerase chain reaction assay
EUPATH:0032645	presence of Moraxella catarrhalis in lung by multiplex real time polymerase chain reaction assay	VEuPathDB	bacteria in lung datum	xsd:boolean	Moraxella catarrhalis	multiplex real time polymerase chain reaction assay
EUPATH:0032646	presence of Mycoplasmoides pneumoniae in lung by multiplex real time polymerase chain reaction assay	VEuPathDB	bacteria in lung datum	xsd:boolean	Mycoplasmoides pneumoniae	multiplex real time polymerase chain reaction assay
EUPATH:0032647	presence of Salmonella in lung by multiplex real time polymerase chain reaction assay	VEuPathDB	bacteria in lung datum	xsd:boolean	Salmonella	multiplex real time polymerase chain reaction assay
EUPATH:0032649	presence of Staphylococcus aureus in lung by multiplex real time polymerase chain reaction assay	VEuPathDB	bacteria in lung datum	xsd:boolean	Staphylococcus aureus	multiplex real time polymerase chain reaction assay
EUPATH:0032656	presence of Streptococcus pneumoniae in lung by multiplex real time polymerase chain reaction assay	VEuPathDB	bacteria in lung datum	xsd:boolean	Streptococcus pneumoniae	multiplex real time polymerase chain reaction assay
EUPATH:0032657	presence of Pneumocystis jirovecii in lung by multiplex real time polymerase chain reaction assay	VEuPathDB	eukaryota in lung datum	xsd:boolean	Pneumocystis jirovecii	multiplex real time polymerase chain reaction assay
EUPATH:0032716	presence of Adenoviridae in lung by multiplex real time polymerase chain reaction assay	VEuPathDB	virus in lung datum	xsd:boolean	Adenoviridae	multiplex real time polymerase chain reaction assay
EUPATH:0032717	presence of virus in lung by multiplex real time polymerase chain reaction assay	VEuPathDB	virus in lung datum	xsd:boolean	Viruses	multiplex real time polymerase chain reaction assay
EUPATH:0032718	presence of Human coronavirus 229E in lung by multiplex real time polymerase chain reaction assay	VEuPathDB	virus in lung datum	xsd:boolean	Human coronavirus 229E	multiplex real time polymerase chain reaction assay
EUPATH:0032719	presence of Human coronavirus OC43 in lung by multiplex real time polymerase chain reaction assay	VEuPathDB	virus in lung datum	xsd:boolean	Human coronavirus OC43	multiplex real time polymerase chain reaction assay
EUPATH:0032720	presence of Human coronavirus NL63 in lung by multiplex real time polymerase chain reaction assay	VEuPathDB	virus in lung datum	xsd:boolean	Human coronavirus NL63	multiplex real time polymerase chain reaction assay
EUPATH:0032721	presence of Human coronavirus HKU1 in lung by multiplex real time polymerase chain reaction assay	VEuPathDB	virus in lung datum	xsd:boolean	Human coronavirus HKU1	multiplex real time polymerase chain reaction assay
EUPATH:0032722	presence of Cytomegalovirus in lung by multiplex real time polymerase chain reaction assay	VEuPathDB	virus in lung datum	xsd:boolean	Cytomegalovirus	multiplex real time polymerase chain reaction assay
EUPATH:0032723	presence of Human bocavirus in lung by multiplex real time polymerase chain reaction assay	VEuPathDB	virus in lung datum	xsd:boolean	Human bocavirus	multiplex real time polymerase chain reaction assay
EUPATH:0032724	presence of Human metapneumovirus in lung by multiplex real time polymerase chain reaction assay	VEuPathDB	virus in lung datum	xsd:boolean	Human metapneumovirus	multiplex real time polymerase chain reaction assay
EUPATH:0032725	presence of Human orthopneumovirus in lung by multiplex real time polymerase chain reaction assay	VEuPathDB	virus in lung datum	xsd:boolean	Human orthopneumovirus	multiplex real time polymerase chain reaction assay
EUPATH:0032726	presence of Influenza A virus in lung by multiplex real time polymerase chain reaction assay	VEuPathDB	virus in lung datum	xsd:boolean	Influenza A virus	multiplex real time polymerase chain reaction assay
EUPATH:0032727	presence of Influenza B virus in lung by multiplex real time polymerase chain reaction assay	VEuPathDB	virus in lung datum	xsd:boolean	Influenza B virus	multiplex real time polymerase chain reaction assay
EUPATH:0032728	presence of Influenza C virus in lung by multiplex real time polymerase chain reaction assay	VEuPathDB	virus in lung datum	xsd:boolean	Influenza C virus	multiplex real time polymerase chain reaction assay
EUPATH:0032729	presence of Human respirovirus 1 in lung by multiplex real time polymerase chain reaction assay	VEuPathDB	virus in lung datum	xsd:boolean	Human respirovirus 1	multiplex real time polymerase chain reaction assay
EUPATH:0032730	presence of Human orthorubulavirus 2 in lung by multiplex real time polymerase chain reaction assay	VEuPathDB	virus in lung datum	xsd:boolean	Human orthorubulavirus 2	multiplex real time polymerase chain reaction assay
EUPATH:0032731	presence of Human respirovirus 3 in lung by multiplex real time polymerase chain reaction assay	VEuPathDB	virus in lung datum	xsd:boolean	Human respirovirus 3	multiplex real time polymerase chain reaction assay
EUPATH:0032732	presence of Human orthorubulavirus 4 in lung by multiplex real time polymerase chain reaction assay	VEuPathDB	virus in lung datum	xsd:boolean	Human orthorubulavirus 4	multiplex real time polymerase chain reaction assay
EUPATH:0032733	presence of Picornaviridae in lung by multiplex real time polymerase chain reaction assay	VEuPathDB	virus in lung datum	xsd:boolean	Picornaviridae	multiplex real time polymerase chain reaction assay
EUPATH:0032734	presence of Rhinovirus in lung by multiplex real time polymerase chain reaction assay	VEuPathDB	virus in lung datum	xsd:boolean	Rhinovirus	multiplex real time polymerase chain reaction assay
EUPATH:0032735	presence of Bordetella pertussis in nasopharynx or oropharynx by multiplex real time polymerase chain reaction assay	VEuPathDB	bacteria in lung datum	xsd:boolean	Bordetella pertussis	multiplex real time polymerase chain reaction assay
EUPATH:0032736	presence of Chlamydia pneumoniae in nasopharynx or oropharynx by multiplex real time polymerase chain reaction assay	VEuPathDB	bacteria in nasopharyngeal or oropharyngeal swab datum	xsd:boolean	Chlamydia pneumoniae	multiplex real time polymerase chain reaction assay
EUPATH:0032738	presence of Haemophilus influenzae in nasopharynx or oropharynx by multiplex real time polymerase chain reaction assay	VEuPathDB	bacteria in nasopharyngeal or oropharyngeal swab datum	xsd:boolean	Haemophilus influenzae	multiplex real time polymerase chain reaction assay
EUPATH:0032739	presence of Legionella in nasopharynx or oropharynx by multiplex real time polymerase chain reaction assay	VEuPathDB	bacteria in nasopharyngeal or oropharyngeal swab datum	xsd:boolean	Legionella	multiplex real time polymerase chain reaction assay
EUPATH:0032740	presence of Moraxella catarrhalis in nasopharynx or oropharynx by multiplex real time polymerase chain reaction assay	VEuPathDB	bacteria in nasopharyngeal or oropharyngeal swab datum	xsd:boolean	Moraxella catarrhalis	multiplex real time polymerase chain reaction assay
EUPATH:0032741	presence of Mycoplasmoides pneumoniae in nasopharynx or oropharynx by multiplex real time polymerase chain reaction assay	VEuPathDB	bacteria in nasopharyngeal or oropharyngeal swab datum	xsd:boolean	Mycoplasmoides pneumoniae	multiplex real time polymerase chain reaction assay
EUPATH:0032742	presence of Salmonella in nasopharynx or oropharynx by multiplex real time polymerase chain reaction assay	VEuPathDB	bacteria in nasopharyngeal or oropharyngeal swab datum	xsd:boolean	Salmonella	multiplex real time polymerase chain reaction assay
EUPATH:0032743	presence of Staphylococcus aureus in nasopharynx or oropharynx by multiplex real time polymerase chain reaction assay	VEuPathDB	bacteria in nasopharyngeal or oropharyngeal swab datum	xsd:boolean	Staphylococcus aureus	multiplex real time polymerase chain reaction assay
EUPATH:0032748	presence of Streptococcus pneumoniae in nasopharynx or oropharynx by multiplex real time polymerase chain reaction assay	VEuPathDB	bacteria in nasopharyngeal or oropharyngeal swab datum	xsd:boolean	Streptococcus pneumoniae	multiplex real time polymerase chain reaction assay
EUPATH:0032749	presence of Pneumocystis jirovecii in nasopharynx or oropharynx by multiplex real time polymerase chain reaction assay	VEuPathDB	eukaryota in nasopharyngeal or oropharyngeal swab datum	xsd:boolean	Pneumocystis jirovecii	multiplex real time polymerase chain reaction assay
EUPATH:0032809	presence of Adenoviridae in nasopharynx or oropharynx by multiplex real time polymerase chain reaction assay	VEuPathDB	virus in nasopharyngeal or oropharyngeal swab datum	xsd:boolean	Adenoviridae	multiplex real time polymerase chain reaction assay
EUPATH:0032810	presence of Human coronavirus 229E in nasopharynx or oropharynx by multiplex real time polymerase chain reaction assay	VEuPathDB	virus in nasopharyngeal or oropharyngeal swab datum	xsd:boolean	Human coronavirus 229E	multiplex real time polymerase chain reaction assay
EUPATH:0032811	presence of Human coronavirus OC43 in nasopharynx or oropharynx by multiplex real time polymerase chain reaction assay	VEuPathDB	virus in nasopharyngeal or oropharyngeal swab datum	xsd:boolean	Human coronavirus OC43	multiplex real time polymerase chain reaction assay
EUPATH:0032812	presence of Human coronavirus NL63 in nasopharynx or oropharynx by multiplex real time polymerase chain reaction assay	VEuPathDB	virus in nasopharyngeal or oropharyngeal swab datum	xsd:boolean	Human coronavirus NL63	multiplex real time polymerase chain reaction assay
EUPATH:0032813	presence of Human coronavirus HKU1 in nasopharynx or oropharynx by multiplex real time polymerase chain reaction assay	VEuPathDB	virus in nasopharyngeal or oropharyngeal swab datum	xsd:boolean	Human coronavirus HKU1	multiplex real time polymerase chain reaction assay
EUPATH:0032814	presence of Cytomegalovirus in nasopharynx or oropharynx by multiplex real time polymerase chain reaction assay	VEuPathDB	virus in nasopharyngeal or oropharyngeal swab datum	xsd:boolean	Cytomegalovirus	multiplex real time polymerase chain reaction assay
EUPATH:0032815	presence of Human bocavirus in nasopharynx or oropharynx by multiplex real time polymerase chain reaction assay	VEuPathDB	virus in nasopharyngeal or oropharyngeal swab datum	xsd:boolean	Human bocavirus	multiplex real time polymerase chain reaction assay
EUPATH:0032816	presence of Human metapneumovirus in nasopharynx or oropharynx by multiplex real time polymerase chain reaction assay	VEuPathDB	virus in nasopharyngeal or oropharyngeal swab datum	xsd:boolean	Human metapneumovirus	multiplex real time polymerase chain reaction assay
EUPATH:0032817	presence of Human orthopneumovirus in nasopharynx or oropharynx by multiplex real time polymerase chain reaction assay	VEuPathDB	virus in nasopharyngeal or oropharyngeal swab datum	xsd:boolean	Human orthopneumovirus	multiplex real time polymerase chain reaction assay
EUPATH:0032818	presence of Influenza A virus in nasopharynx or oropharynx by multiplex real time polymerase chain reaction assay	VEuPathDB	virus in nasopharyngeal or oropharyngeal swab datum	xsd:boolean	Influenza A virus	multiplex real time polymerase chain reaction assay
EUPATH:0032819	presence of Influenza B virus in nasopharynx or oropharynx by multiplex real time polymerase chain reaction assay	VEuPathDB	virus in nasopharyngeal or oropharyngeal swab datum	xsd:boolean	Influenza B virus	multiplex real time polymerase chain reaction assay
EUPATH:0032820	presence of Influenza C virus in nasopharynx or oropharynx by multiplex real time polymerase chain reaction assay	VEuPathDB	virus in nasopharyngeal or oropharyngeal swab datum	xsd:boolean	Influenza C virus	multiplex real time polymerase chain reaction assay
EUPATH:0032821	presence of Human respirovirus 1 in nasopharynx or oropharynx by multiplex real time polymerase chain reaction assay	VEuPathDB	virus in nasopharyngeal or oropharyngeal swab datum	xsd:boolean	Human respirovirus 1	multiplex real time polymerase chain reaction assay
EUPATH:0032822	presence of Human orthorubulavirus 2 in nasopharynx or oropharynx by multiplex real time polymerase chain reaction assay	VEuPathDB	virus in nasopharyngeal or oropharyngeal swab datum	xsd:boolean	Human orthorubulavirus 2	multiplex real time polymerase chain reaction assay
EUPATH:0032823	presence of Human respirovirus 3 in nasopharynx or oropharynx by multiplex real time polymerase chain reaction assay	VEuPathDB	virus in nasopharyngeal or oropharyngeal swab datum	xsd:boolean	Human respirovirus 3	multiplex real time polymerase chain reaction assay
EUPATH:0032824	presence of Human orthorubulavirus 4 in nasopharynx or oropharynx by multiplex real time polymerase chain reaction assay	VEuPathDB	virus in nasopharyngeal or oropharyngeal swab datum	xsd:boolean	Human orthorubulavirus 4	multiplex real time polymerase chain reaction assay
EUPATH:0032825	presence of Picornaviridae in nasopharynx or oropharynx by multiplex real time polymerase chain reaction assay	VEuPathDB	virus in nasopharyngeal or oropharyngeal swab datum	xsd:boolean	Picornaviridae	multiplex real time polymerase chain reaction assay
EUPATH:0032826	presence of Rhinovirus in nasopharynx or oropharynx by multiplex real time polymerase chain reaction assay	VEuPathDB	virus in nasopharyngeal or oropharyngeal swab datum	xsd:boolean	Rhinovirus	multiplex real time polymerase chain reaction assay
EUPATH:0032827	presence of bacteria in nasopharynx or oropharynx by multiplex real time polymerase chain reaction assay	VEuPathDB	bacteria in nasopharyngeal or oropharyngeal swab datum	xsd:boolean	Bacteria	multiplex real time polymerase chain reaction assay
EUPATH:0032832	presence of Haemophilus parahaemolyticus in nasopharynx or oropharynx by multiplex real time polymerase chain reaction assay	VEuPathDB	bacteria in nasopharyngeal or oropharyngeal swab datum	xsd:boolean	Haemophilus parahaemolyticus	multiplex real time polymerase chain reaction assay
EUPATH:0032986	presence of virus in nasopharynx or oropharynx by multiplex real time polymerase chain reaction assay	VEuPathDB	virus in nasopharyngeal or oropharyngeal swab datum	xsd:boolean	Viruses	multiplex real time polymerase chain reaction assay
EUPATH:0032987	presence of Measles morbillivirus in nasopharynx or oropharynx by polymerase chain reaction assay	VEuPathDB	virus in nasopharyngeal or oropharyngeal swab datum	xsd:boolean	Measles morbillivirus	polymerase chain reaction assay
EUPATH:0032994	presence of bacteria in pleural fluid by multiplex real time polymerase chain reaction assay	VEuPathDB	bacteria in pleural fluid datum	xsd:boolean	Bacteria	multiplex real time polymerase chain reaction assay
EUPATH:0032995	presence of Bordetella pertussis in pleural fluid by multiplex real time polymerase chain reaction assay	VEuPathDB	bacteria in pleural fluid datum	xsd:boolean	Bordetella pertussis	multiplex real time polymerase chain reaction assay
EUPATH:0033000	presence of Haemophilus influenzae in pleural fluid by multiplex real time polymerase chain reaction assay	VEuPathDB	bacteria in pleural fluid datum	xsd:boolean	Haemophilus influenzae	multiplex real time polymerase chain reaction assay
EUPATH:0033001	presence of Haemophilus parahaemolyticus in pleural fluid by multiplex real time polymerase chain reaction assay	VEuPathDB	bacteria in pleural fluid datum	xsd:boolean	Haemophilus parahaemolyticus	multiplex real time polymerase chain reaction assay
EUPATH:0033002	presence of Legionella in pleural fluid by multiplex real time polymerase chain reaction assay	VEuPathDB	bacteria in pleural fluid datum	xsd:boolean	Legionella	multiplex real time polymerase chain reaction assay
EUPATH:0033004	presence of Moraxella catarrhalis in pleural fluid by multiplex real time polymerase chain reaction assay	VEuPathDB	bacteria in pleural fluid datum	xsd:boolean	Moraxella catarrhalis	multiplex real time polymerase chain reaction assay
EUPATH:0033005	presence of Mycoplasmoides pneumoniae in pleural fluid by multiplex real time polymerase chain reaction assay	VEuPathDB	bacteria in pleural fluid datum	xsd:boolean	Mycoplasmoides pneumoniae	multiplex real time polymerase chain reaction assay
EUPATH:0033006	presence of Salmonella in pleural fluid by multiplex real time polymerase chain reaction assay	VEuPathDB	bacteria in pleural fluid datum	xsd:boolean	Salmonella	multiplex real time polymerase chain reaction assay
EUPATH:0033008	presence of Staphylococcus aureus in pleural fluid by multiplex real time polymerase chain reaction assay	VEuPathDB	bacteria in pleural fluid datum	xsd:boolean	Staphylococcus aureus	multiplex real time polymerase chain reaction assay
EUPATH:0033012	presence of Streptococcus pneumoniae in pleural fluid by multiplex real time polymerase chain reaction assay	VEuPathDB	bacteria in pleural fluid datum	xsd:boolean	Streptococcus pneumoniae	multiplex real time polymerase chain reaction assay
EUPATH:0033013	presence of Pneumocystis jirovecii in pleural fluid by multiplex real time polymerase chain reaction assay	VEuPathDB	eukaryota in pleural fluid datum	xsd:boolean	Pneumocystis jirovecii	multiplex real time polymerase chain reaction assay
EUPATH:0033072	presence of Adenoviridae in pleural fluid by multiplex real time polymerase chain reaction assay	VEuPathDB	virus in pleural fluid datum	xsd:boolean	Adenoviridae	multiplex real time polymerase chain reaction assay
EUPATH:0033073	presence of virus in pleural fluid by multiplex real time polymerase chain reaction assay	VEuPathDB	virus in pleural fluid datum	xsd:boolean	Viruses	multiplex real time polymerase chain reaction assay
EUPATH:0033074	presence of Chlamydia pneumoniae in pleural fluid by multiplex real time polymerase chain reaction assay	VEuPathDB	virus in pleural fluid datum	xsd:boolean	Chlamydia pneumoniae	multiplex real time polymerase chain reaction assay
EUPATH:0033075	presence of Human coronavirus 229E in pleural fluid by multiplex real time polymerase chain reaction assay	VEuPathDB	virus in pleural fluid datum	xsd:boolean	Human coronavirus 229E	multiplex real time polymerase chain reaction assay
EUPATH:0033076	presence of Human coronavirus OC43 in pleural fluid by multiplex real time polymerase chain reaction assay	VEuPathDB	virus in pleural fluid datum	xsd:boolean	Human coronavirus OC43	multiplex real time polymerase chain reaction assay
EUPATH:0033077	presence of Human coronavirus NL63 in pleural fluid by multiplex real time polymerase chain reaction assay	VEuPathDB	virus in pleural fluid datum	xsd:boolean	Human coronavirus NL63	multiplex real time polymerase chain reaction assay
EUPATH:0033078	presence of Human coronavirus HKU1 in pleural fluid by multiplex real time polymerase chain reaction assay	VEuPathDB	virus in pleural fluid datum	xsd:boolean	Human coronavirus HKU1	multiplex real time polymerase chain reaction assay
EUPATH:0033079	presence of Cytomegalovirus in pleural fluid by multiplex real time polymerase chain reaction assay	VEuPathDB	virus in pleural fluid datum	xsd:boolean	Cytomegalovirus	multiplex real time polymerase chain reaction assay
EUPATH:0033080	presence of Human bocavirus in pleural fluid by multiplex real time polymerase chain reaction assay	VEuPathDB	virus in pleural fluid datum	xsd:boolean	Human bocavirus	multiplex real time polymerase chain reaction assay
EUPATH:0033081	presence of Human metapneumovirus in pleural fluid by multiplex real time polymerase chain reaction assay	VEuPathDB	virus in pleural fluid datum	xsd:boolean	Human metapneumovirus	multiplex real time polymerase chain reaction assay
EUPATH:0033082	presence of Human orthopneumovirus in pleural fluid by multiplex real time polymerase chain reaction assay	VEuPathDB	virus in pleural fluid datum	xsd:boolean	Human orthopneumovirus	multiplex real time polymerase chain reaction assay
EUPATH:0033083	presence of Influenza A virus in pleural fluid by multiplex real time polymerase chain reaction assay	VEuPathDB	virus in pleural fluid datum	xsd:boolean	Influenza A virus	multiplex real time polymerase chain reaction assay
EUPATH:0033084	presence of Influenza B virus in pleural fluid by multiplex real time polymerase chain reaction assay	VEuPathDB	virus in pleural fluid datum	xsd:boolean	Influenza B virus	multiplex real time polymerase chain reaction assay
EUPATH:0033085	presence of Influenza C virus in pleural fluid by multiplex real time polymerase chain reaction assay	VEuPathDB	virus in pleural fluid datum	xsd:boolean	Influenza C virus	multiplex real time polymerase chain reaction assay
EUPATH:0033086	presence of Human respirovirus 1 in pleural fluid by multiplex real time polymerase chain reaction assay	VEuPathDB	virus in pleural fluid datum	xsd:boolean	Human respirovirus 1	multiplex real time polymerase chain reaction assay
EUPATH:0033087	presence of Human orthorubulavirus 2 in pleural fluid by multiplex real time polymerase chain reaction assay	VEuPathDB	virus in pleural fluid datum	xsd:boolean	Human orthorubulavirus 2	multiplex real time polymerase chain reaction assay
EUPATH:0033088	presence of Human respirovirus 3 in pleural fluid by multiplex real time polymerase chain reaction assay	VEuPathDB	virus in pleural fluid datum	xsd:boolean	Human respirovirus 3	multiplex real time polymerase chain reaction assay
EUPATH:0033089	presence of Human orthorubulavirus 4 in pleural fluid by multiplex real time polymerase chain reaction assay	VEuPathDB	virus in pleural fluid datum	xsd:boolean	Human orthorubulavirus 4	multiplex real time polymerase chain reaction assay
EUPATH:0033090	presence of Picornaviridae in pleural fluid by multiplex real time polymerase chain reaction assay	VEuPathDB	virus in pleural fluid datum	xsd:boolean	Picornaviridae	multiplex real time polymerase chain reaction assay
EUPATH:0033091	presence of Rhinovirus in pleural fluid by multiplex real time polymerase chain reaction assay	VEuPathDB	virus in pleural fluid datum	xsd:boolean	Rhinovirus	multiplex real time polymerase chain reaction assay
EUPATH:0033136	presence of any pathogen except Legionella or K. pneumoniae in lung by multiplex real time polymerase chain reaction assay	VEuPathDB	lung microbiology datum	xsd:boolean	(pathogen and not (Legionella or 'Klebsiella pneumoniae'))	multiplex real time polymerase chain reaction assay
EUPATH:0033137	presence of any pathogen except Legionella or K. pneumoniae in pleural fluid by multiplex real time polymerase chain reaction assay	VEuPathDB	pleural fluid microbiology datum	xsd:boolean	(pathogen and not (Legionella or 'Klebsiella pneumoniae'))	multiplex real time polymerase chain reaction assay
EUPATH:0033138	presence of pathogen in nasopharynx or oropharynx by multiplex real time polymerase chain reaction assay	VEuPathDB	nasopharyngeal or oropharyngeal swab microbiology datum	xsd:boolean	pathogen	multiplex real time polymerase chain reaction assay
EUPATH:0033293	presence of bacteria in blood	VEuPathDB	bacteria in blood datum	xsd:boolean	Bacteria	
EUPATH:0033294	presence of Acinetobacter in blood	VEuPathDB	bacteria in blood datum	xsd:boolean	Acinetobacter	
EUPATH:0033295	presence of Candida in blood	VEuPathDB	eukaryota in blood datum	xsd:boolean	Candida	
EUPATH:0033296	presence of Enterobacter in blood	VEuPathDB	bacteria in blood datum	xsd:boolean	Enterobacter	
EUPATH:0033297	presence of Enterococcus in blood	VEuPathDB	bacteria in blood datum	xsd:boolean	Enterococcus	
EUPATH:0033298	presence of Escherichia in blood	VEuPathDB	bacteria in blood datum	xsd:boolean	Escherichia	
EUPATH:0033299	presence of Klebsiella in blood	VEuPathDB	bacteria in blood datum	xsd:boolean	Klebsiella	
EUPATH:0033300	presence of Moraxella in blood	VEuPathDB	bacteria in blood datum	xsd:boolean	Moraxella	
EUPATH:0033301	presence of Neisseria in blood	VEuPathDB	bacteria in blood datum	xsd:boolean	Neisseria	
EUPATH:0033302	presence of Staphylococcus in blood	VEuPathDB	bacteria in blood datum	xsd:boolean	Staphylococcus	
EUPATH:0033303	presence of Haemophilus in blood	VEuPathDB	bacteria in blood datum	xsd:boolean	Haemophilus	
EUPATH:0033304	presence of Salmonella in blood	VEuPathDB	bacteria in blood datum	xsd:boolean	Salmonella	
EUPATH:0033305	presence of Streptococcus in blood	VEuPathDB	bacteria in blood datum	xsd:boolean	Streptococcus	
EUPATH:0033306	presence of Pseudomonas in blood	VEuPathDB	bacteria in blood datum	xsd:boolean	Pseudomonas	
EUPATH:0033307	presence of eukaryote in blood	VEuPathDB	eukaryota in blood datum	xsd:boolean	Eukaryota	
EUPATH:0033308	presence of Plasmodium in blood	VEuPathDB	eukaryota in blood datum	xsd:boolean	Plasmodium	
EUPATH:0033310	presence of Salmonella in lung	VEuPathDB	bacteria in lung datum	xsd:boolean	Salmonella	
EUPATH:0033311	presence of Mycoplasmoides in lung	VEuPathDB	bacteria in lung datum	xsd:boolean	Mycoplasmoides	
EUPATH:0033312	presence of Chlamydia in lung	VEuPathDB	bacteria in lung datum	xsd:boolean	Chlamydia	
EUPATH:0033313	presence of Bordetella in lung	VEuPathDB	bacteria in lung datum	xsd:boolean	Bordetella	
EUPATH:0033314	presence of Legionella in lung	VEuPathDB	bacteria in lung datum	xsd:boolean	Legionella	
EUPATH:0033315	presence of Pneumocystis in lung	VEuPathDB	eukaryota in lung datum	xsd:boolean	Pneumocystis	
EUPATH:0033357	presence of Alphainfluenzavirus in lung	VEuPathDB	virus in lung datum	xsd:boolean	Alphainfluenzavirus	
EUPATH:0033358	presence of Betainfluenzavirus in lung	VEuPathDB	virus in lung datum	xsd:boolean	Betainfluenzavirus	
EUPATH:0033359	presence of Bocaparvovirus in lung	VEuPathDB	virus in lung datum	xsd:boolean	Bocaparvovirus	
EUPATH:0033360	presence of Cytomegalovirus in lung	VEuPathDB	virus in lung datum	xsd:boolean	Cytomegalovirus	
EUPATH:0033361	presence of Enterovirus in lung	VEuPathDB	virus in lung datum	xsd:boolean	Enterovirus	
EUPATH:0033362	presence of Gammainfluenzavirus in lung	VEuPathDB	virus in lung datum	xsd:boolean	Gammainfluenzavirus	
EUPATH:0033363	presence of Metapneumovirus in lung	VEuPathDB	virus in lung datum	xsd:boolean	Metapneumovirus	
EUPATH:0033364	presence of Orthopneumovirus in lung	VEuPathDB	virus in lung datum	xsd:boolean	Orthopneumovirus	
EUPATH:0033365	presence of Respirovirus in lung	VEuPathDB	virus in lung datum	xsd:boolean	Respirovirus	
EUPATH:0033370	presence of Alphacoronavirus in lung	VEuPathDB	virus in lung datum	xsd:boolean	Alphacoronavirus	
EUPATH:0033371	presence of Betacoronavirus in lung	VEuPathDB	virus in lung datum	xsd:boolean	Betacoronavirus	
EUPATH:0036029	presence of Cytomegalovirus in blood	VEuPathDB	virus in blood datum	xsd:boolean	Cytomegalovirus	
EUPATH:0036059	presence of Ascaris in feces by microscopy assay	VEuPathDB	eukaryota in feces datum	xsd:boolean	Ascaris	microscopy assay
EUPATH:0036060	presence of Blastocystis hominis in feces by microscopy assay	VEuPathDB	eukaryota in feces datum	xsd:boolean	Blastocystis hominis	microscopy assay
EUPATH:0036062	presence of Entamoeba histolytica or Entamoeba dispar in feces by microscopy assay	VEuPathDB	eukaryota in feces datum	xsd:boolean	('Entamoeba histolytica' or 'Entamoeba dispar')	microscopy assay
EUPATH:0036063	presence of Escherichia coli in feces by microscopy assay	VEuPathDB	Escherichia coli in feces datum	xsd:boolean	Escherichia coli	microscopy assay
EUPATH:0036064	presence of Giardia in feces by microscopy assay	VEuPathDB	eukaryota in feces datum	xsd:boolean	Giardia <diplomonads>	microscopy assay
EUPATH:0036069	presence of Pentatrichomonas hominis in feces by microscopy assay	VEuPathDB	eukaryota in feces datum	xsd:boolean	Pentatrichomonas hominis	microscopy assay
EUPATH:0036071	presence of pathogen in feces by microscopy assay	VEuPathDB	feces microbiology datum	xsd:boolean	pathogen	microscopy assay
EUPATH:0036256	presence of Cytomegalovirus in blood by enzyme-linked immunosorbent assay	VEuPathDB	virus in blood datum	xsd:boolean	Cytomegalovirus	enzyme-linked immunosorbent assay
EUPATH:0036312	presence of Astrovirus in feces by real time polymerase chain reaction assay	VEuPathDB	virus in feces datum	xsd:boolean	Astroviridae	real time polymerase chain reaction assay
EUPATH:0036313	presence of Norovirus in feces by multiplex real time reverse-transcription polymerase chain reaction assay	VEuPathDB	virus in feces datum	xsd:boolean	Norovirus	multiplex real time reverse-transcription polymerase chain reaction assay
EUPATH:0036314	presence of Rotavirus in feces by real time polymerase chain reaction assay	VEuPathDB	virus in feces datum	xsd:boolean	Rotavirus	real time polymerase chain reaction assay
EUPATH:0036315	presence of Sapovirus in feces by real time polymerase chain reaction assay	VEuPathDB	virus in feces datum	xsd:boolean	Sapovirus	real time polymerase chain reaction assay
EUPATH:0036320	presence of Cryptosporidium in feces by real time polymerase chain reaction assay	VEuPathDB	eukaryota in feces datum	xsd:boolean	Cryptosporidium	real time polymerase chain reaction assay
EUPATH:0036321	presence of Entamoeba histolytica in feces by real time polymerase chain reaction assay	VEuPathDB	eukaryota in feces datum	xsd:boolean	Entamoeba histolytica	real time polymerase chain reaction assay
EUPATH:0036322	presence of Giardia in feces by real time polymerase chain reaction assay	VEuPathDB	eukaryota in feces datum	xsd:boolean	Giardia <diplomonads>	real time polymerase chain reaction assay
EUPATH:0036328	presence of human Poliovirus 1 strain Sabin in feces by multiplex real time reverse-transcription polymerase chain reaction assay	VEuPathDB	virus in feces datum	xsd:boolean	Human poliovirus 1 strain Sabin	multiplex real time reverse-transcription polymerase chain reaction assay
EUPATH:0036329	presence of human Poliovirus 2 Sabin in feces by multiplex real time reverse-transcription polymerase chain reaction assay	VEuPathDB	virus in feces datum	xsd:boolean	Human poliovirus 2 strain Sabin	multiplex real time reverse-transcription polymerase chain reaction assay
EUPATH:0036330	presence of human Poliovirus 3 Sabin in feces by multiplex real time reverse-transcription polymerase chain reaction assay	VEuPathDB	virus in feces datum	xsd:boolean	Human poliovirus 3 strain Sabin	multiplex real time reverse-transcription polymerase chain reaction assay
EUPATH:0038317	presence of Treponema in blood by venereal disease research laboratory test	VEuPathDB	bacteria in blood datum	xsd:boolean	Treponema	venereal disease research laboratory test
EUPATH:0042070	presence of eukaryote in placental blood	VEuPathDB	eukaryota in placental blood datum	xsd:boolean	Eukaryota	
EUPATH:0042121	presence of Plasmodium in placental blood	VEuPathDB	eukaryota in placental blood datum	xsd:boolean	Plasmodium	
EUPATH:0042122	presence of Plasmodium in placental blood by loop-mediated thermal amplification	VEuPathDB	eukaryota in placental blood datum	xsd:boolean	Plasmodium	loop-mediated isothermal amplification
EUPATH:0042123	presence of Plasmodium in placental blood by microscopy assay	VEuPathDB	Plasmodium in placental blood by microscopy assay datum	xsd:boolean		
EUPATH:0042152	presence of Treponema in blood	VEuPathDB	bacteria in blood datum	xsd:boolean	Treponema	
EUPATH:0042373	presence of Plasmodium in umbilical cord blood by microscopy assay	VEuPathDB	eukaryota in umbilical cord blood datum	xsd:boolean	Plasmodium	microscopy assay
EUPATH:0042376	presence of eukaryote in umbilical cord blood	VEuPathDB	eukaryota in umbilical cord blood datum	xsd:boolean	Eukaryota	
EUPATH:0042377	presence of Plasmodium in umbilical cord blood	VEuPathDB	eukaryota in umbilical cord blood datum	xsd:boolean	Plasmodium	
EUPATH:0044005	presence of Severe acute respiratory syndrome coronavirus 2 in nasopharynx or oropharynx by real time reverse-transcription polymerase chain reaction assay	VEuPathDB	virus in nasopharyngeal or oropharyngeal swab datum	xsd:boolean	Severe acute respiratory syndrome coronavirus 2	real time reverse-transcription polymerase chain reaction assay
EUPATH:0057513	presence of Mycobacterium tuberculosis in cerebrospinal fluid by polymerase chain reaction assay	VEuPathDB	cerebrospinal fluid microbiology datum	xsd:boolean	Mycobacterium tuberculosis 	
EUPATH:0057543	presence of Histoplasma capsulatum in urine by polymerase chain reaction assay	VEuPathDB	eukaryota in urine datum	xsd:boolean	Histoplasma capsulatum	polymerase chain reaction assay
EUPATH:0057610	presence of bacteria in cerebrospinal fluid	VEuPathDB	cerebrospinal fluid microbiology datum	xsd:boolean	Bacteria	
EUPATH:0057614	presence of bacteria in urine	VEuPathDB	urine microbiology datum	xsd:boolean	Bacteria	
EUPATH:0057616	presence of Cryptococcus in blood	VEuPathDB	eukaryota in blood datum	xsd:boolean	Cryptococcus <basidiomycete fungi>	
EUPATH:0057617	presence of Cryptococcus in cerebrospinal fluid	VEuPathDB	cerebrospinal fluid microbiology datum	xsd:boolean	Cryptococcus <basidiomycete fungi>	
EUPATH:0057622	presence of eukaryote in cerebrospinal fluid	VEuPathDB	cerebrospinal fluid microbiology datum	xsd:boolean	Eukaryota	
EUPATH:0057627	presence of Histoplasma in blood	VEuPathDB	eukaryota in blood datum	xsd:boolean	Histoplasma	
EUPATH:0057631	presence of Histoplasma in cerebrospinal fluid	VEuPathDB	cerebrospinal fluid microbiology datum	xsd:boolean	Histoplasma	
EUPATH:0057638	presence of Histoplasma in urine	VEuPathDB	eukaryota in urine datum	xsd:boolean	Histoplasma capsulatum	
EUPATH:0057640	presence of Mycobacterium in blood	VEuPathDB	bacteria in blood datum	xsd:boolean	Mycobacterium	
EUPATH:0057644	presence of Mycobacterium in cerebrospinal fluid	VEuPathDB	cerebrospinal fluid microbiology datum	xsd:boolean	Mycobacterium	
EUPATH:0057651	presence of Mycobacterium in urine	VEuPathDB	urine microbiology datum	xsd:boolean	Mycobacterium	
EUPATH:0032206	presence of Enterococcus faecium in blood	VEuPathDB	bacteria in blood datum	xsd:boolean	Enterococcus faecium	
EUPATH:0032220	presence of Salmonella enterica enterica non-(Typhi or Paratyphi-A) in blood	VEuPathDB	bacteria in blood datum	xsd:boolean	(Salmonella and not ('Salmonella enterica subsp. enterica serovar Typhi' or 'Salmonella enterica subsp. enterica serovar Paratyphi A'))	
EUPATH:0032219	presence of Salmonella enterica enterica serovar Paratyphi A in blood	VEuPathDB	bacteria in blood datum	xsd:boolean	Salmonella enterica subsp. enterica serovar Paratyphi A	
EUPATH:0032221	presence of Salmonella enterica enterica serovar Typhi in blood	VEuPathDB	bacteria in blood datum	xsd:boolean	Salmonella enterica subsp. enterica serovar Typhi	
EUPATH:0032218	presence of Pseudomonas aeruginosa in blood	VEuPathDB	bacteria in blood datum	xsd:boolean	Pseudomonas aeruginosa	
EUPATH:0032222	presence of Salmonella unspecified in blood	VEuPathDB	bacteria in blood datum	xsd:boolean		
EUPATH:0032207	presence of Escherichia coli in blood	VEuPathDB	bacteria in blood datum	xsd:boolean	Escherichia coli	
EUPATH:0032248	presence of Streptococcus pneumoniae in blood	VEuPathDB	bacteria in blood datum	xsd:boolean	Streptococcus pneumoniae	
EUPATH:0032223	presence of Staphylococcus aureus in blood	VEuPathDB	bacteria in blood datum	xsd:boolean	Staphylococcus aureus	
EUPATH:0032224	presence of Staphylococcus group A in blood	VEuPathDB	bacteria in blood datum	xsd:boolean	NCBITaxon:36470	
EUPATH:0032201	presence of Acinetobacter unspecified in blood	VEuPathDB	bacteria in blood datum	xsd:boolean		
EUPATH:0032212	presence of Haemophilus influenzae in blood	VEuPathDB	bacteria in blood datum	xsd:boolean	Haemophilus influenzae	
EUPATH:0032202	presence of unspecified bacteria in blood	VEuPathDB	bacteria in blood datum	xsd:boolean		
EUPATH:0032213	presence of Klebsiella pneumoniae in blood	VEuPathDB	bacteria in blood datum	xsd:boolean	Klebsiella pneumoniae	
EUPATH:0032214	presence of Moraxella catarrhalis in blood	VEuPathDB	bacteria in blood datum	xsd:boolean	Moraxella catarrhalis	
EUPATH:0032204	presence of Enterobacter cloacae in blood	VEuPathDB	bacteria in blood datum	xsd:boolean	Enterobacter cloacae	
EUPATH:0032215	presence of Neisseria meningitidis in blood	VEuPathDB	bacteria in blood datum	xsd:boolean	Neisseria meningitidis	
EUPATH:0032205	presence of Enterobacteriaceae in blood	VEuPathDB	bacteria in blood datum	xsd:boolean	Enterobacteriaceae	
EUPATH:0015447	presence of Shigella flexneri 3a in feces	VEuPathDB	Shigella in feces datum	xsd:boolean	Shigella flexneri 3a	
EUPATH:0015302	presence of Shigella flexneri 5b in feces	VEuPathDB	Shigella in feces datum	xsd:boolean	Shigella flexneri 5b	
EUPATH:0015448	presence of Shigella flexneri 3b in feces	VEuPathDB	Shigella in feces datum	xsd:boolean	Shigella flexneri 3b	
EUPATH:0015303	presence of Shigella flexneri 6 in feces	VEuPathDB	Shigella in feces datum	xsd:boolean	Shigella flexneri 6	
EUPATH:0015449	"presence of Shigella flexneri, serovar 3c in feces"	VEuPathDB	Shigella in feces datum	xsd:boolean	"Shigella flexneri, serovar 3c"	
EUPATH:0015305	presence of Shigella non-typeable in feces	VEuPathDB	Shigella in feces datum	xsd:boolean		
EUPATH:0015299	presence of Campylobacter non-(jejuni or coli) in feces	VEuPathDB	Campylobacter in feces datum	xsd:boolean	(Campylobacter and not ('Campylobacter jejuni' or 'Campylobacter coli'))	
EUPATH:0010789	presence of Plesiomonas shigelloides in feces	VEuPathDB	bacteria in feces datum	xsd:boolean	Plesiomonas shigelloides	
EUPATH:0015306	presence of Vibrio cholerae in feces	VEuPathDB	Vibrio in feces datum	xsd:boolean	Vibrio cholerae	
EUPATH:0010825	presence of Vibrio unspecified in feces	VEuPathDB	Vibrio in feces datum	xsd:boolean	Vibrio	
EUPATH:0015315	presence of Campylobacter coli in feces	VEuPathDB	Campylobacter in feces datum	xsd:boolean	Campylobacter coli	
EUPATH:0010603	presence of Aeromonas unspecified in feces	VEuPathDB	Aeromonas in feces datum	xsd:boolean	Aeromonas	
EUPATH:0015316	presence of Campylobacter jejuni in feces	VEuPathDB	Campylobacter in feces datum	xsd:boolean	Campylobacter jejuni	
EUPATH:0015320	presence of Shigella boydii in feces	VEuPathDB	Shigella in feces datum	xsd:boolean	Shigella boydii	
EUPATH:0015309	presence of Vibrio cholerae non-(O1 or O139) in feces	VEuPathDB	Vibrio in feces datum	xsd:boolean	('Vibrio cholerae' and not ('Vibrio cholerae O1' or 'Vibrio cholerae O139'))	
EUPATH:0015321	presence of Shigella dysenteriae in feces	VEuPathDB	Shigella in feces datum	xsd:boolean	Shigella dysenteriae	
EUPATH:0010829	presence of Yersinia enterocolitica in feces	VEuPathDB	bacteria in feces datum	xsd:boolean	Yersinia enterocolitica	
EUPATH:0015322	presence of Vibrio parahaemolyticus in feces	VEuPathDB	Vibrio in feces datum	xsd:boolean	Vibrio parahaemolyticus	
EUPATH:0015319	presence of Shigella flexneri in feces	VEuPathDB	Shigella in feces datum	xsd:boolean	Shigella flexneri	
EUPATH:0015323	presence of Shigella sonnei in feces	VEuPathDB	Shigella in feces datum	xsd:boolean	Shigella sonnei	
EUPATH:0015290	presence of Vibrio cholerae O1 in feces	VEuPathDB	Vibrio in feces datum	xsd:boolean	Vibrio cholerae O1	
EUPATH:0015324	presence of Shigella flexneri 4a in feces	VEuPathDB	Shigella in feces datum	xsd:boolean	Shigella flexneri 4a	
EUPATH:0015291	presence of Vibrio cholerae serotype Inaba in feces	VEuPathDB	Vibrio in feces datum	xsd:boolean	Vibrio cholerae serotype Inaba	
EUPATH:0015325	presence of Shigella flexneri 4c in feces	VEuPathDB	Shigella in feces datum	xsd:boolean	Shigella flexneri 4c	
EUPATH:0010805	presence of Shigella unspecified in feces	VEuPathDB	Shigella in feces datum	xsd:boolean	Shigella	
EUPATH:0015443	presence of Shigella flexneri 1a in feces	VEuPathDB	Shigella in feces datum	xsd:boolean	Shigella flexneri 1a	
EUPATH:0010797	presence of Salmonella unspecified in feces	VEuPathDB	Salmonella in feces datum	xsd:boolean	Salmonella	
EUPATH:0015292	presence of Vibrio cholerae serotype Ogawa in feces	VEuPathDB	Vibrio in feces datum	xsd:boolean	Vibrio cholerae serotype Ogawa	
EUPATH:0015444	presence of Shigella flexneri 1b in feces	VEuPathDB	Shigella in feces datum	xsd:boolean	Shigella flexneri 1b	
EUPATH:0015293	presence of Vibrio cholerae O139 in feces	VEuPathDB	Vibrio in feces datum	xsd:boolean	Vibrio cholerae O139	
EUPATH:0015445	presence of Shigella flexneri 2a in feces	VEuPathDB	Shigella in feces datum	xsd:boolean	Shigella flexneri 2a	
EUPATH:0015300	presence of Campylobacter unspecified in feces	VEuPathDB	Campylobacter in feces datum	xsd:boolean		
EUPATH:0015294	presence of Salmonella enterica subsp. enterica serovar Typhi in feces	VEuPathDB	Salmonella in feces datum	xsd:boolean	Salmonella enterica subsp. enterica serovar Typhi	
EUPATH:0015446	presence of Shigella flexneri 2b in feces	VEuPathDB	Shigella in feces datum	xsd:boolean	Shigella flexneri 2b	
EUPATH:0015301	"presence of Shigella flexneri, serovar 4b in feces"	VEuPathDB	Shigella in feces datum	xsd:boolean	"Shigella flexneri, serovar 4b"	
EUPATH:0015295	presence of Salmonella enterica enterica other than Typhi	VEuPathDB	Salmonella in feces datum	xsd:boolean	(Salmonella and not ('Salmonella enterica subsp. enterica serovar Typhi'))	
EUPATH:0015450	presence of Shigella flexneri 7a in feces	VEuPathDB	Shigella in feces datum	xsd:boolean	Shigella flexneri 7a	
EUPATH:0015326	presence of Shigella flexneri 5a in feces	VEuPathDB	Shigella in feces datum	xsd:boolean	Shigella flexneri 5a	
EUPATH:0015327	presence of Shigella flexneri X variant in feces	VEuPathDB	Shigella in feces datum	xsd:boolean	Shigella flexneri X variant	
EUPATH:0015328	presence of Shigella flexneri Y in feces	VEuPathDB	Shigella in feces datum	xsd:boolean	Shigella flexneri Y	
EUPATH:0032293	presence of Cronobacter sakazakii in induced sputum	VEuPathDB	Cronobacter sakazakii in induced sputum datum	xsd:boolean	Cronobacter sakazakii	
EUPATH:0032365	presence of Salmonella enterica subsp. enterica serovar Typhi in induced sputum	VEuPathDB	Salmonella in induced sputum datum	xsd:boolean	Salmonella enterica subsp. enterica serovar Typhi	
EUPATH:0032325	presence of Haemophilus parainfluenzae in induced sputum	VEuPathDB	Haemophilus parainfluenzae in induced sputum datum	xsd:boolean	Haemophilus parainfluenzae	
EUPATH:0032367	presence of Serratia marcescens in induced sputum	VEuPathDB	Serratia marcescens in induced sputum datum	xsd:boolean	Serratia marcescens	
EUPATH:0032295	presence of Enterobacter asburiae in induced sputum	VEuPathDB	Enterobacter asburiae in induced sputum datum	xsd:boolean	Enterobacter asburiae	
EUPATH:0032340	presence of Mixed gram-negative rods in induced sputum	VEuPathDB	bacteria in induced sputum datum	xsd:boolean		
EUPATH:0032287	presence of Coliform bacilli in induced sputum	VEuPathDB	bacteria in induced sputum datum	xsd:boolean		
EUPATH:0032356	presence of Pseudomonas fluorescens in induced sputum	VEuPathDB	Pseudomonas fluorescens in induced sputum datum	xsd:boolean	Pseudomonas fluorescens	
EUPATH:0032327	presence of Haemophilus in induced sputum	VEuPathDB	Haemophilus in induced sputum datum	xsd:boolean	Haemophilus	
EUPATH:0032331	presence of Klebsiella aerogenes in induced sputum	VEuPathDB	Klebsiella aerogenes in induced sputum datum	xsd:boolean	Klebsiella aerogenes	
EUPATH:0032297	presence of Enterobacter cloacae in induced sputum	VEuPathDB	Enterobacter cloacae in induced sputum datum	xsd:boolean	Enterobacter cloacae	
EUPATH:0032301	presence of Enterococcus faecalis in induced sputum	VEuPathDB	Enterobacter in induced sputum datum	xsd:boolean	Enterococcus faecalis	
EUPATH:0032342	presence of Moraxella catarrhalis in induced sputum	VEuPathDB	Moraxella catarrhalis in induced sputum datum	xsd:boolean	Moraxella catarrhalis	
EUPATH:0032299	presence of Enterobacter in induced sputum	VEuPathDB	Enterobacter in induced sputum datum	xsd:boolean	Enterobacter	
EUPATH:0032319	presence of Haemophilus influenzae in induced sputum	VEuPathDB	Haemophilus influenzae in induced sputum datum	xsd:boolean	Haemophilus influenzae	
EUPATH:0032358	presence of Pseudomonas in induced sputum	VEuPathDB	Pseudomonas in induced sputum datum	xsd:boolean	Pseudomonas	
EUPATH:0032259	presence of Acinetobacter baumannii in induced sputum	VEuPathDB	Acinetobacter baumannii in induced sputum datum	xsd:boolean	Acinetobacter baumannii	
EUPATH:0032271	presence of Alpha-Hemolytic Streptococcus in induced sputum	VEuPathDB	Alpha-Hemolytic Streptococcus in induced sputum datum	xsd:boolean	Alpha-Hemolytic Streptococcus	
EUPATH:0032263	presence of Acinetobacter lwoffii in induced sputum	VEuPathDB	Acinetobacter in induced sputum datum	xsd:boolean	Acinetobacter lwoffii	
EUPATH:0032303	presence of Enterococcus in induced sputum	VEuPathDB	Enterococcus in induced sputum datum	xsd:boolean	Enterococcus	
EUPATH:0032329	presence of Kingella in induced sputum	VEuPathDB	Kingella in induced sputum datum	xsd:boolean	Kingella	
EUPATH:0032380	presence of Streptococcus group A in induced sputum	VEuPathDB	Streptococcus sp. group A in induced sputum datum	xsd:boolean	NCBITaxon:36470	
EUPATH:0032281	presence of Citrobacter braakii in induced sputum	VEuPathDB	Citrobacter braakii in induced sputum datum	xsd:boolean	Citrobacter braakii	
EUPATH:0032369	presence of Serratia in induced sputum	VEuPathDB	Serratia in induced sputum datum	xsd:boolean	NCBITaxon:613	
EUPATH:0032265	presence of Acinetobacter in induced sputum	VEuPathDB	Acinetobacter in induced sputum datum	xsd:boolean	Acinetobacter	
EUPATH:0032382	presence of Streptococcus group C in induced sputum	VEuPathDB	Streptococcus sp. group C in induced sputum datum	xsd:boolean	NCBITaxon:33972	
EUPATH:0032283	presence of Citrobacter freundii in induced sputum	VEuPathDB	Citrobacter freundii in induced sputum datum	xsd:boolean	Citrobacter freundii	
EUPATH:0032384	presence of Streptococcus group G in induced sputum	VEuPathDB	Streptococcus sp. group G in induced sputum datum	xsd:boolean	NCBITaxon:1320	
EUPATH:0032333	presence of Klebsiella oxytoca in induced sputum	VEuPathDB	Klebsiella oxytoca in induced sputum datum	xsd:boolean	Klebsiella oxytoca	
EUPATH:0032374	presence of Staphylococcus epidermidis in induced sputum	VEuPathDB	Staphylococcus epidermidis in induced sputum datum	xsd:boolean	Staphylococcus epidermidis	
EUPATH:0032275	presence of Beta-Hemolytic Streptococcus in induced sputum	VEuPathDB	Beta-Hemolytic Streptococcus in induced sputum datum	xsd:boolean	Beta-Hemolytic Streptococcus	
EUPATH:0032267	presence of Aeromonas hydrophila in induced sputum	VEuPathDB	Aeromonas hydrophila in induced sputum datum	xsd:boolean	Aeromonas hydrophila	
EUPATH:0032345	presence of Moraxella nonliquefaciens in induced sputum	VEuPathDB	Moraxella nonliquefaciens in induced sputum datum	xsd:boolean	Moraxella nonliquefaciens	
EUPATH:0032474	presence of Streptococcus pneumoniae in induced sputum	VEuPathDB	Streptococcus pneumoniae in induced sputum datum	xsd:boolean	Streptococcus pneumoniae	
EUPATH:0032285	presence of Coagulase-Negative Staphylococcus in induced sputum	VEuPathDB	Coagulase-Negative Staphylococcus in induced sputum datum	xsd:boolean	Coagulase-Negative Staphylococcus	
EUPATH:0032335	presence of Klebsiella pneumoniae in induced sputum	VEuPathDB	Klebsiella pneumoniae in induced sputum datum	xsd:boolean	Klebsiella pneumoniae	
EUPATH:0032376	presence of Stenotrophomonas maltophilia in induced sputum	VEuPathDB	Stenotrophomonas maltophilia in induced sputum datum	xsd:boolean	Stenotrophomonas maltophilia	
EUPATH:0032305	presence of Escherichia coli in induced sputum	VEuPathDB	Escherichia coli in induced sputum datum	xsd:boolean	Escherichia coli	
EUPATH:0032269	presence of Aggregatibacter aphrophilus in induced sputum	VEuPathDB	Aggregatibacter aphrophilus in induced sputum datum	xsd:boolean	Aggregatibacter aphrophilus	
EUPATH:0032307	presence of Haemophilus haemolyticus in induced sputum	VEuPathDB	Haemophilus haemolyticus in induced sputum datum	xsd:boolean	Haemophilus haemolyticus	
EUPATH:0032278	presence of Burkholderia cepacia in induced sputum	VEuPathDB	Burkholderia cepacia in induced sputum datum	xsd:boolean	Burkholderia cepacia	
EUPATH:0032350	presence of Neisseria meningitidis in induced sputum	VEuPathDB	Neisseria meningitidis in induced sputum datum	xsd:boolean	Neisseria meningitidis	
EUPATH:0032347	presence of Moraxella in induced sputum	VEuPathDB	Moraxella in induced sputum datum	xsd:boolean	Moraxella	
EUPATH:0032337	presence of Klebsiella in induced sputum	VEuPathDB	Klebsiella in induced sputum datum	xsd:boolean	Klebsiella	
EUPATH:0032378	presence of Streptococcus anginosus group in induced sputum	VEuPathDB	Streptococcus anginosus group in induced sputum datum	xsd:boolean	Streptococcus anginosus group	
EUPATH:0032310	presence of Haemophilus influenzae serotype b in induced sputum	VEuPathDB	Haemophilus influenzae serotype b in induced sputum datum	xsd:boolean	Haemophilus influenzae serotype b	
EUPATH:0032360	presence of Stutzerimonas stutzeri in induced sputum	VEuPathDB	Stutzerimonas stutzeri in induced sputum datum	xsd:boolean	Stutzerimonas stutzeri	
EUPATH:0032261	presence of Acinetobacter calcoaceticus in induced sputum	VEuPathDB	Acinetobacter calcoaceticus in induced sputum datum	xsd:boolean	Acinetobacter calcoaceticus	
EUPATH:0032352	presence of Proteus mirabilis in induced sputum	VEuPathDB	Proteus mirabilis in induced sputum datum	xsd:boolean	Proteus mirabilis	
EUPATH:0032362	presence of Salmonella in induced sputum	VEuPathDB	Salmonella in induced sputum datum	xsd:boolean	Salmonella	
EUPATH:0032371	presence of Staphylococcus aureus in induced sputum	VEuPathDB	Staphylococcus aureus in induced sputum datum	xsd:boolean	Staphylococcus aureus	
EUPATH:0032354	presence of Pseudomonas aeruginosa in induced sputum	VEuPathDB	Pseudomonas aeruginosa in induced sputum datum	xsd:boolean	Pseudomonas aeruginosa	
EUPATH:0032322	presence of Haemophilus parahaemolyticus in induced sputum	VEuPathDB	Haemophilus parahaemolyticus in induced sputum datum	xsd:boolean	Haemophilus parahaemolyticus	
EUPATH:0032291	presence of Corynebacterium in induced sputum	VEuPathDB	Corynebacterium in induced sputum datum	xsd:boolean	Corynebacterium	
EUPATH:0032477	presence of Streptococcus in induced sputum	VEuPathDB	Streptococcus in induced sputum datum	xsd:boolean	Streptococcus	
EUPATH:0032637	presence of Coagulase-Negative Staphylococcus in lung	VEuPathDB	bacteria in lung datum	xsd:boolean	Coagulase-Negative Staphylococcus	
EUPATH:0032640	presence of Haemophilus influenzae in lung	VEuPathDB	bacteria in lung datum	xsd:boolean	Haemophilus influenzae	
EUPATH:0032644	presence of Moraxella catarrhalis in lung	VEuPathDB	bacteria in lung datum	xsd:boolean	Moraxella catarrhalis	
EUPATH:0032655	presence of Streptococcus pneumoniae in lung	VEuPathDB	bacteria in lung datum	xsd:boolean	Streptococcus pneumoniae	
EUPATH:0032648	presence of Staphylococcus aureus in lung	VEuPathDB	bacteria in lung datum	xsd:boolean	Staphylococcus aureus	
EUPATH:0032976	presence of Streptococcus pneumoniae in nasopharynx or oropharynx	VEuPathDB	bacteria in nasopharyngeal or oropharyngeal swab datum	xsd:boolean	Streptococcus pneumoniae	
EUPATH:0032996	presence of Escherichia coli in pleural fluid	VEuPathDB	bacteria in pleural fluid datum	xsd:boolean	Escherichia coli	
EUPATH:0033009	presence of Beta Streptococcus Group F in pleural fluid	VEuPathDB	bacteria in pleural fluid datum	xsd:boolean	Beta Streptococcus Group F	
EUPATH:0032999	presence of Haemophilus influenzae in pleural fluid	VEuPathDB	bacteria in pleural fluid datum	xsd:boolean	Haemophilus influenzae	
EUPATH:0033011	presence of Streptococcus pneumoniae in pleural fluid	VEuPathDB	bacteria in pleural fluid datum	xsd:boolean	Streptococcus pneumoniae	
EUPATH:0033003	presence of Moraxella catarrhalis in pleural fluid	VEuPathDB	bacteria in pleural fluid datum	xsd:boolean	Moraxella catarrhalis	
EUPATH:0033007	presence of Staphylococcus aureus in pleural fluid	VEuPathDB	bacteria in pleural fluid datum	xsd:boolean	Staphylococcus aureus	
EUPATH:0033102	presence of Mycobacterium tuberculosis in specimen	VEuPathDB	organism identification datum	xsd:boolean	Mycobacterium tuberculosis	
EUPATH:0015312	presence of Vibrio non-(cholerae or parahaemolyticus) in feces	VEuPathDB	Vibrio in feces datum	xsd:boolean	(Vibrio and not ('Vibrio cholerae' or 'Vibrio parahaemolyticus'))	
EUPATH:0021028	presence of Plasmodium falciparum in blood by microscopy assay	VEuPathDB	Plasmodium in blood by microscopy assay datum	xsd:boolean	Plasmodium falciparum	
EUPATH:0020167	presence of Plasmodium ovale in blood by microscopy assay	VEuPathDB	Plasmodium in blood by microscopy assay datum	xsd:boolean	Plasmodium ovale	
EUPATH:0021029	presence of Plasmodium vivax by microscopy assay	VEuPathDB	Plasmodium in blood by microscopy assay datum	xsd:boolean	Plasmodium vivax	
EUPATH:0021030	presence of Plasmodium malariae by microscopy assay	VEuPathDB	Plasmodium in blood by microscopy assay datum	xsd:boolean	Plasmodium malariae	
EUPATH:0023032	presence of Plasmodium in blood by thick smear microscopy assay	VEuPathDB	eukaryota in blood datum	xsd:boolean	Plasmodium	('microscopy assay' and 'has part' some 'Thin Smear Technique')
EUPATH:0023033	presence of Plasmodium in blood by thin smear microscopy assay	VEuPathDB	eukaryota in blood datum	xsd:boolean	Plasmodium	('microscopy assay' and 'has part' some 'Thick Smear Technique')
EUPATH:0010998	presence of Campylobacter in feces by polymerase chain reaction assay	VEuPathDB	Campylobacter in feces datum	xsd:boolean	Campylobacter	polymerase chain reaction assay