Ontology ID	label	definition	definition source	term editor	logical type	parent	organism	assay		
ID	A rdfs:label	A definition	A definition source	A term editor SPLIT=|	CLASS_TYPE	SC %	SC 'is about' some %	SC is_specified_output_of some %		
EUPATH:0000537	Plasmodium in blood by microscopy assay datum	A eukaryota in blood datum that is the output of a microscopy assay and is used to determine the presence of Plasmodium in the specimen.	VEuPathDB	Person: John Judkins	subclass	eukaryota in blood datum	Plasmodium	microscopy assay		
EUPATH:0010628	Campylobacter in feces by enzyme-linked immunosorbent assay datum	A bacteria in feces datum that is the output of a enzyme-linked immunosorbent assay and is used to determine the presence of Campylobacter in the specimen.	VEuPathDB	Person: John Judkins	subclass	bacteria in feces datum	Campylobacter	enzyme-linked immunosorbent assay		
EUPATH:0010719	Adenovirus in feces by enzyme-linked immunosorbent assay datum	A virus in feces datum that is the output of a enzyme-linked immunosorbent assay and is used to determine the presence of Adenovirus in the specimen.	VEuPathDB	Person: John Judkins	subclass	virus in feces datum	Adenoviridae	enzyme-linked immunosorbent assay		
EUPATH:0010720	Astrovirus in feces by enzyme-linked immunosorbent assay datum	A virus in feces datum that is the output of a enzyme-linked immunosorbent assay and is used to determine the presence of Astrovirus in the specimen.	VEuPathDB	Person: John Judkins	subclass	virus in feces datum	Astroviridae	enzyme-linked immunosorbent assay		
EUPATH:0010779	Norovirus GII in feces by real time reverse-transcription polymerase chain reaction assay datum	A virus in feces datum that is the output of a real time reverse-transcription polymerase chain reaction assay and is used to determine the presence of Norovirus GII in the specimen.	VEuPathDB	Person: John Judkins	subclass	virus in feces datum	Norovirus GII	real time reverse-transcription polymerase chain reaction assay		
EUPATH:0010780	Norovirus GI in feces by real time reverse-transcription polymerase chain reaction assay datum	A virus in feces datum that is the output of a real time reverse-transcription polymerase chain reaction assay and is used to determine the presence of Norovirus GI in the specimen.	VEuPathDB	Person: John Judkins	subclass	virus in feces datum	Norovirus GI	real time reverse-transcription polymerase chain reaction assay		
EUPATH:0010781	Norovirus in feces by real time reverse-transcription polymerase chain reaction assay datum	A virus in feces datum that is the output of a real time reverse-transcription polymerase chain reaction assay and is used to determine the presence of Norovirus in the specimen.	VEuPathDB	Person: John Judkins	subclass	virus in feces datum	Norovirus	real time reverse-transcription polymerase chain reaction assay		
EUPATH:0010786	Cryptosporidium in feces by enzyme-linked immunosorbent assay datum	A eukaryota in feces datum that is the output of a enzyme-linked immunosorbent assay and is used to determine the presence of Cryptosporidium in the specimen.	VEuPathDB	Person: John Judkins	subclass	eukaryota in feces datum	Cryptosporidium	enzyme-linked immunosorbent assay		
EUPATH:0010788	Giardia in feces by enzyme-linked immunosorbent assay datum	A eukaryota in feces datum that is the output of a enzyme-linked immunosorbent assay and is used to determine the presence of Giardia in the specimen.	VEuPathDB	Person: John Judkins	subclass	eukaryota in feces datum	Giardia <diplomonads>	enzyme-linked immunosorbent assay		
EUPATH:0011001	Cryptosporidium in feces by modified acid-fast stain microscopy datum	A eukaryota in feces datum that is the output of a modified acid-fast stain microscopy and is used to determine the presence of Cryptosporidium in the specimen.	VEuPathDB	Person: John Judkins	subclass	eukaryota in feces datum	Cryptosporidium	modified acid-fast stain microscopy assay		
EUPATH:0011002	Entamoeba histolytica in feces by microscopy assay datum	A eukaryota in feces datum that is the output of a microscopy assay and is used to determine the presence of Entamoeba histolytica in the specimen.	VEuPathDB	Person: John Judkins	subclass	eukaryota in feces datum	Entamoeba histolytica	microscopy assay		
EUPATH:0011004	Giardia lamblia in feces by microscopy assay datum	A eukaryota in feces datum that is the output of a microscopy assay and is used to determine the presence of Giardia lamblia in the specimen.	VEuPathDB	Person: John Judkins	subclass	eukaryota in feces datum	Giardia intestinalis	microscopy assay		
EUPATH:0011882	Entamoeba histolytica in feces by enzyme-linked immunosorbent assay datum	A eukaryota in feces datum that is the output of a enzyme-linked immunosorbent assay and is used to determine the presence of Entamoeba histolytica in the specimen.	VEuPathDB	Person: John Judkins	subclass	eukaryota in feces datum	Entamoeba histolytica	enzyme-linked immunosorbent assay		
EUPATH:0015330	Adenovirus in feces by fluorogenic PCR assay datum	A virus in feces datum that is the output of a fluorogenic PCR assay and is used to determine the presence of Adenovirus in the specimen.	VEuPathDB	Person: John Judkins	subclass	virus in feces datum	Adenoviridae	fluorogenic PCR assay		
EUPATH:0015334	Ascaris in feces by fluorogenic PCR assay datum	A eukaryota in feces datum that is the output of a fluorogenic PCR assay and is used to determine the presence of Ascaris in the specimen.	VEuPathDB	Person: John Judkins	subclass	eukaryota in feces datum	Ascaris	fluorogenic PCR assay		
EUPATH:0015335	Astrovirus in feces by fluorogenic PCR assay datum	A virus in feces datum that is the output of a fluorogenic PCR assay and is used to determine the presence of Astrovirus in the specimen.	VEuPathDB	Person: John Judkins	subclass	virus in feces datum	Astroviridae	fluorogenic PCR assay		
EUPATH:0015337	Bacteroides fragilis in feces by fluorogenic PCR assay datum	A bacteria in feces datum that is the output of a fluorogenic PCR assay and is used to determine the presence of Bacteroides fragilis in the specimen.	VEuPathDB	Person: John Judkins	subclass	bacteria in feces datum	Bacteroides fragilis	fluorogenic PCR assay		
EUPATH:0015342	Cryptosporidium in feces by fluorogenic PCR assay datum	A eukaryota in feces datum that is the output of a fluorogenic PCR assay and is used to determine the presence of Cryptosporidium in the specimen.	VEuPathDB	Person: John Judkins	subclass	eukaryota in feces datum	Cryptosporidium	fluorogenic PCR assay		
EUPATH:0015343	Cryptosporidium hominis in feces by fluorogenic PCR assay datum	A eukaryota in feces datum that is the output of a fluorogenic PCR assay and is used to determine the presence of Cryptosporidium hominis in the specimen.	VEuPathDB	Person: John Judkins	subclass	eukaryota in feces datum	Cryptosporidium hominis	fluorogenic PCR assay		
EUPATH:0015344	Cryptosporidium parvum in feces by fluorogenic PCR assay datum	A eukaryota in feces datum that is the output of a fluorogenic PCR assay and is used to determine the presence of Cryptosporidium parvum in the specimen.	VEuPathDB	Person: John Judkins	subclass	eukaryota in feces datum	Cryptosporidium parvum	fluorogenic PCR assay		
EUPATH:0015350	Enterocytozoon bieneusi in feces by fluorogenic PCR assay datum	A eukaryota in feces datum that is the output of a fluorogenic PCR assay and is used to determine the presence of Enterocytozoon bieneusi in the specimen.	VEuPathDB	Person: John Judkins	subclass	eukaryota in feces datum	Enterocytozoon bieneusi	fluorogenic PCR assay		
EUPATH:0015351	Entamoeba histolytica in feces by fluorogenic PCR assay datum	A eukaryota in feces datum that is the output of a fluorogenic PCR assay and is used to determine the presence of Entamoeba histolytica in the specimen.	VEuPathDB	Person: John Judkins	subclass	eukaryota in feces datum	Entamoeba histolytica	fluorogenic PCR assay		
EUPATH:0015352	Encephalitozoon intestinalis in feces by fluorogenic PCR assay datum	A eukaryota in feces datum that is the output of a fluorogenic PCR assay and is used to determine the presence of Encephalitozoon intestinalis in the specimen.	VEuPathDB	Person: John Judkins	subclass	eukaryota in feces datum	Encephalitozoon intestinalis	fluorogenic PCR assay		
EUPATH:0015363	Necator in feces by fluorogenic PCR assay datum	A eukaryota in feces datum that is the output of a fluorogenic PCR assay and is used to determine the presence of Necator in the specimen.	VEuPathDB	Person: John Judkins	subclass	eukaryota in feces datum	Necator	fluorogenic PCR assay		
EUPATH:0015364	Norovirus GI in feces by fluorogenic PCR assay datum	A virus in feces datum that is the output of a fluorogenic PCR assay and is used to determine the presence of Norovirus GI in the specimen.	VEuPathDB	Person: John Judkins	subclass	virus in feces datum	Norovirus GI	fluorogenic PCR assay		
EUPATH:0015365	Norovirus GII in feces by fluorogenic PCR assay datum	A virus in feces datum that is the output of a fluorogenic PCR assay and is used to determine the presence of Norovirus GII in the specimen.	VEuPathDB	Person: John Judkins	subclass	virus in feces datum	Norovirus GII	fluorogenic PCR assay		
EUPATH:0015369	Rotavirus genotype G1 in feces by fluorogenic PCR assay datum	A virus in feces datum that is the output of a fluorogenic PCR assay and is used to determine the presence of Rotavirus genotype G1 in the specimen.	VEuPathDB	Person: John Judkins	subclass	virus in feces datum	Rotavirus G1	fluorogenic PCR assay		
EUPATH:0015371	Rotavirus genotype G3 in feces by fluorogenic PCR assay datum	A virus in feces datum that is the output of a fluorogenic PCR assay and is used to determine the presence of Rotavirus genotype G3 in the specimen.	VEuPathDB	Person: John Judkins	subclass	virus in feces datum	Rotavirus G3	fluorogenic PCR assay		
EUPATH:0015372	Rotavirus genotype G4 in feces by fluorogenic PCR assay datum	A virus in feces datum that is the output of a fluorogenic PCR assay and is used to determine the presence of Rotavirus genotype G4 in the specimen.	VEuPathDB	Person: John Judkins	subclass	virus in feces datum	Rotavirus G4	fluorogenic PCR assay		
EUPATH:0015373	Rotavirus genotype G8 in feces by fluorogenic PCR assay datum	A virus in feces datum that is the output of a fluorogenic PCR assay and is used to determine the presence of Rotavirus genotype G8 in the specimen.	VEuPathDB	Person: John Judkins	subclass	virus in feces datum	Rotavirus G8	fluorogenic PCR assay		
EUPATH:0015377	Rotavirus genotype P4 in feces by fluorogenic PCR assay datum	A virus in feces datum that is the output of a fluorogenic PCR assay and is used to determine the presence of Rotavirus genotype P4 in the specimen.	VEuPathDB	Person: John Judkins	subclass	virus in feces datum	Rotavirus A P4	fluorogenic PCR assay		
EUPATH:0015378	Rotavirus genotype P6 in feces by fluorogenic PCR assay datum	A virus in feces datum that is the output of a fluorogenic PCR assay and is used to determine the presence of Rotavirus genotype P6 in the specimen.	VEuPathDB	Person: John Judkins	subclass	virus in feces datum	Human rotavirus P6	fluorogenic PCR assay		
EUPATH:0015381	Salmonella in feces by fluorogenic PCR assay datum	A bacteria in feces datum that is the output of a fluorogenic PCR assay and is used to determine the presence of Salmonella in the specimen.	VEuPathDB	Person: John Judkins	subclass	bacteria in feces datum	Salmonella	fluorogenic PCR assay		
EUPATH:0015386	Strongyloides in feces by fluorogenic PCR assay datum	A eukaryota in feces datum that is the output of a fluorogenic PCR assay and is used to determine the presence of Strongyloides in the specimen.	VEuPathDB	Person: John Judkins	subclass	eukaryota in feces datum	Strongyloides	fluorogenic PCR assay		
EUPATH:0015403	Ascaris lumbricoides in feces by reverse transcription polymerase chain reaction assay datum	A eukaryota in feces datum that is the output of a reverse transcription polymerase chain reaction assay and is used to determine the presence of Ascaris lumbricoides in the specimen.	VEuPathDB	Person: John Judkins	subclass	eukaryota in feces datum	Ascaris lumbricoides	reverse transcription polymerase chain reaction assay		
EUPATH:0015407	Bacteroides fragilis in feces by reverse transcription polymerase chain reaction assay datum	A bacteria in feces datum that is the output of a reverse transcription polymerase chain reaction assay and is used to determine the presence of Bacteroides fragilis in the specimen.	VEuPathDB	Person: John Judkins	subclass	bacteria in feces datum	Bacteroides fragilis	reverse transcription polymerase chain reaction assay		
EUPATH:0015455	Strongyloides stercoralis in feces by reverse transcription polymerase chain reaction assay datum	A eukaryota in feces datum that is the output of a reverse transcription polymerase chain reaction assay and is used to determine the presence of Strongyloides stercoralis in the specimen.	VEuPathDB	Person: John Judkins	subclass	eukaryota in feces datum	Strongyloides stercoralis	reverse transcription polymerase chain reaction assay		
EUPATH:0020166	Plasmodium in blood by real time polymerase chain reaction assay datum	A eukaryota in blood datum that is the output of a real time polymerase chain reaction assay and is used to determine the presence of Plasmodium in the specimen.	VEuPathDB	Person: John Judkins	subclass	eukaryota in blood datum	Plasmodium	real time polymerase chain reaction assay		
EUPATH:0022059	Plasmodium vivax in blood by real time polymerase chain reaction assay datum	A eukaryota in blood datum that is the output of a real time polymerase chain reaction assay and is used to determine the presence of Plasmodium vivax in the specimen.	VEuPathDB	Person: John Judkins	subclass	eukaryota in blood datum	Plasmodium vivax	real time polymerase chain reaction assay		
EUPATH:0022060	Plasmodium falciparum in blood by real time polymerase chain reaction assay datum	A eukaryota in blood datum that is the output of a real time polymerase chain reaction assay and is used to determine the presence of Plasmodium falciparum in the specimen.	VEuPathDB	Person: John Judkins	subclass	eukaryota in blood datum	Plasmodium falciparum	real time polymerase chain reaction assay		
EUPATH:0023018	Plasmodium gametocytes in blood by microscopy assay datum	A eukaryota in blood datum that is the output of a microscopy assay and is used to determine the presence of Plasmodium gametocytes in the specimen.	VEuPathDB	Person: John Judkins	subclass	eukaryota in blood datum	Plasmodium gametocyte	microscopy assay		
EUPATH:0032493	Bordetella pertussis in induced sputum by multiplex real time polymerase chain reaction assay datum	A bacteria in induced sputum datum that is the output of a multiplex real time polymerase chain reaction assay and is used to determine the presence of Bordetella pertussis in the specimen.	VEuPathDB	Person: John Judkins	subclass	bacteria in induced sputum datum	Bordetella pertussis	multiplex real time polymerase chain reaction assay		
EUPATH:0032496	Chlamydophila pneumoniae in induced sputum by multiplex real time polymerase chain reaction assay datum	A bacteria in induced sputum datum that is the output of a multiplex real time polymerase chain reaction assay and is used to determine the presence of Chlamydophila pneumoniae in the specimen.	VEuPathDB	Person: John Judkins	subclass	bacteria in induced sputum datum	Chlamydia pneumoniae	multiplex real time polymerase chain reaction assay		
EUPATH:0032520	Haemophilus influenzae in induced sputum by multiplex real time polymerase chain reaction assay datum	A bacteria in induced sputum datum that is the output of a multiplex real time polymerase chain reaction assay and is used to determine the presence of Haemophilus influenzae in the specimen.	VEuPathDB	Person: John Judkins	subclass	bacteria in induced sputum datum	Haemophilus influenzae	multiplex real time polymerase chain reaction assay		
EUPATH:0032534	Legionella in induced sputum by multiplex real time polymerase chain reaction assay datum	A bacteria in induced sputum datum that is the output of a multiplex real time polymerase chain reaction assay and is used to determine the presence of Legionella in the specimen.	VEuPathDB	Person: John Judkins	subclass	bacteria in induced sputum datum	Legionella	multiplex real time polymerase chain reaction assay		
EUPATH:0032537	Moraxella catarrhalis in induced sputum by multiplex real time polymerase chain reaction assay datum	A bacteria in induced sputum datum that is the output of a multiplex real time polymerase chain reaction assay and is used to determine the presence of Moraxella catarrhalis in the specimen.	VEuPathDB	Person: John Judkins	subclass	bacteria in induced sputum datum	Moraxella catarrhalis	multiplex real time polymerase chain reaction assay		
EUPATH:0032542	Mycoplasma pneumoniae in induced sputum by multiplex real time polymerase chain reaction assay datum	A bacteria in induced sputum datum that is the output of a multiplex real time polymerase chain reaction assay and is used to determine the presence of Mycoplasma pneumoniae in the specimen.	VEuPathDB	Person: John Judkins	subclass	bacteria in induced sputum datum	Mycoplasma pneumoniae	multiplex real time polymerase chain reaction assay		
EUPATH:0032550	Salmonella in induced sputum by multiplex real time polymerase chain reaction assay datum	A virus in induced sputum datum that is the output of a multiplex real time polymerase chain reaction assay and is used to determine the presence of Salmonella in the specimen.	VEuPathDB	Person: John Judkins	subclass	virus in induced sputum datum	Salmonella	multiplex real time polymerase chain reaction assay		
EUPATH:0032555	Staphylococcus aureus in induced sputum by multiplex real time polymerase chain reaction assay datum	A virus in induced sputum datum that is the output of a multiplex real time polymerase chain reaction assay and is used to determine the presence of Staphylococcus aureus in the specimen.	VEuPathDB	Person: John Judkins	subclass	virus in induced sputum datum	Staphylococcus aureus	multiplex real time polymerase chain reaction assay		
EUPATH:0032564	Streptococcus pneumoniae in induced sputum by multiplex real time polymerase chain reaction assay datum	A virus in induced sputum datum that is the output of a multiplex real time polymerase chain reaction assay and is used to determine the presence of Streptococcus pneumoniae in the specimen.	VEuPathDB	Person: John Judkins	subclass	virus in induced sputum datum	Streptococcus pneumoniae	multiplex real time polymerase chain reaction assay		
EUPATH:0032571	Pneumocystis jirovecii in induced sputum by multiplex real time polymerase chain reaction assay datum	A virus in induced sputum datum that is the output of a multiplex real time polymerase chain reaction assay and is used to determine the presence of Pneumocystis jirovecii in the specimen.	VEuPathDB	Person: John Judkins	subclass	virus in induced sputum datum	Pneumocystis jirovecii	multiplex real time polymerase chain reaction assay		
EUPATH:0032574	Adenovirus in induced sputum by multiplex real time polymerase chain reaction assay datum	A virus in induced sputum datum that is the output of a multiplex real time polymerase chain reaction assay and is used to determine the presence of Adenovirus in the specimen.	VEuPathDB	Person: John Judkins	subclass	virus in induced sputum datum	Adenoviridae	multiplex real time polymerase chain reaction assay		
EUPATH:0032576	Coronavirus 229 in induced sputum by multiplex real time polymerase chain reaction assay datum	A virus in induced sputum datum that is the output of a multiplex real time polymerase chain reaction assay and is used to determine the presence of Coronavirus 229 in the specimen.	VEuPathDB	Person: John Judkins	subclass	virus in induced sputum datum	Human coronavirus 229E	multiplex real time polymerase chain reaction assay		
EUPATH:0032578	Coronavirus 43 in induced sputum by multiplex real time polymerase chain reaction assay datum	A virus in induced sputum datum that is the output of a multiplex real time polymerase chain reaction assay and is used to determine the presence of Coronavirus 43 in the specimen.	VEuPathDB	Person: John Judkins	subclass	virus in induced sputum datum	Human coronavirus OC43	multiplex real time polymerase chain reaction assay		
EUPATH:0032580	Coronavirus 63 in induced sputum by multiplex real time polymerase chain reaction assay datum	A virus in induced sputum datum that is the output of a multiplex real time polymerase chain reaction assay and is used to determine the presence of Coronavirus 63 in the specimen.	VEuPathDB	Person: John Judkins	subclass	virus in induced sputum datum	Human coronavirus NL63	multiplex real time polymerase chain reaction assay		
EUPATH:0032582	Coronavirus HKU in induced sputum by multiplex real time polymerase chain reaction assay datum	A virus in induced sputum datum that is the output of a multiplex real time polymerase chain reaction assay and is used to determine the presence of Coronavirus HKU in the specimen.	VEuPathDB	Person: John Judkins	subclass	virus in induced sputum datum	Human coronavirus HKU1	multiplex real time polymerase chain reaction assay		
EUPATH:0032584	Cytomegalovirus in induced sputum by multiplex real time polymerase chain reaction assay datum	A virus in induced sputum datum that is the output of a multiplex real time polymerase chain reaction assay and is used to determine the presence of Cytomegalovirus in the specimen.	VEuPathDB	Person: John Judkins	subclass	virus in induced sputum datum	Cytomegalovirus	multiplex real time polymerase chain reaction assay		
EUPATH:0032586	Human bocavirus in induced sputum by multiplex real time polymerase chain reaction assay datum	A virus in induced sputum datum that is the output of a multiplex real time polymerase chain reaction assay and is used to determine the presence of Human bocavirus in the specimen.	VEuPathDB	Person: John Judkins	subclass	virus in induced sputum datum	Human bocavirus	multiplex real time polymerase chain reaction assay		
EUPATH:0032588	Human metapneumovirus in induced sputum by multiplex real time polymerase chain reaction assay datum	A virus in induced sputum datum that is the output of a multiplex real time polymerase chain reaction assay and is used to determine the presence of Human metapneumovirus in the specimen.	VEuPathDB	Person: John Judkins	subclass	virus in induced sputum datum	Human metapneumovirus	multiplex real time polymerase chain reaction assay		
EUPATH:0032590	Respiratory syncytial virus in induced sputum by multiplex real time polymerase chain reaction assay datum	A virus in induced sputum datum that is the output of a multiplex real time polymerase chain reaction assay and is used to determine the presence of Human respiratory syncytial viruses A/B in the specimen.	VEuPathDB	Person: John Judkins	subclass	virus in induced sputum datum	Human orthopneumovirus	multiplex real time polymerase chain reaction assay		
EUPATH:0032592	Influenza A virus in induced sputum by multiplex real time polymerase chain reaction assay datum	A virus in induced sputum datum that is the output of a multiplex real time polymerase chain reaction assay and is used to determine the presence of Influenza A virus in the specimen.	VEuPathDB	Person: John Judkins	subclass	virus in induced sputum datum	Influenza A virus	multiplex real time polymerase chain reaction assay		
EUPATH:0032594	Influenza B in induced sputum by multiplex real time polymerase chain reaction assay datum	A virus in induced sputum datum that is the output of a multiplex real time polymerase chain reaction assay and is used to determine the presence of Influenza B in the specimen.	VEuPathDB	Person: John Judkins	subclass	virus in induced sputum datum	Influenza B virus	multiplex real time polymerase chain reaction assay		
EUPATH:0032596	Influenza C in induced sputum by multiplex real time polymerase chain reaction assay datum	A virus in induced sputum datum that is the output of a multiplex real time polymerase chain reaction assay and is used to determine the presence of Influenza C in the specimen.	VEuPathDB	Person: John Judkins	subclass	virus in induced sputum datum	Influenza C virus	multiplex real time polymerase chain reaction assay		
EUPATH:0032598	Human respirovirus 1 in induced sputum by multiplex real time polymerase chain reaction assay datum	A virus in induced sputum datum that is the output of a multiplex real time polymerase chain reaction assay and is used to determine the presence of Human respirovirus 1 in the specimen.	VEuPathDB	Person: John Judkins	subclass	virus in induced sputum datum	Human respirovirus 1	multiplex real time polymerase chain reaction assay		
EUPATH:0032600	Human orthorubulavirus 2 in induced sputum by multiplex real time polymerase chain reaction assay datum	A virus in induced sputum datum that is the output of a multiplex real time polymerase chain reaction assay and is used to determine the presence of Human orthorubulavirus 2 in the specimen.	VEuPathDB	Person: John Judkins	subclass	virus in induced sputum datum	Human orthorubulavirus 2	multiplex real time polymerase chain reaction assay		
EUPATH:0032602	Human respirovirus 3 in induced sputum by multiplex real time polymerase chain reaction assay datum	A virus in induced sputum datum that is the output of a multiplex real time polymerase chain reaction assay and is used to determine the presence of Human respirovirus 3 in the specimen.	VEuPathDB	Person: John Judkins	subclass	virus in induced sputum datum	Human respirovirus 3	multiplex real time polymerase chain reaction assay		
EUPATH:0032604	Human orthorubulavirus 4 in induced sputum by multiplex real time polymerase chain reaction assay datum	A virus in induced sputum datum that is the output of a multiplex real time polymerase chain reaction assay and is used to determine the presence of Human orthorubulavirus 4 in the specimen.	VEuPathDB	Person: John Judkins	subclass	virus in induced sputum datum	Human orthorubulavirus 4	multiplex real time polymerase chain reaction assay		
EUPATH:0032606	Parechovirus/Enterovirus in induced sputum by multiplex real time polymerase chain reaction assay datum	A virus in induced sputum datum that is the output of a multiplex real time polymerase chain reaction assay and is used to determine the presence of Parechovirus/Enterovirus in the specimen.	VEuPathDB	Person: John Judkins	subclass	virus in induced sputum datum	Picornaviridae	multiplex real time polymerase chain reaction assay		
EUPATH:0032608	Rhinovirus in induced sputum by multiplex real time polymerase chain reaction assay datum	A virus in induced sputum datum that is the output of a multiplex real time polymerase chain reaction assay and is used to determine the presence of Rhinovirus in the specimen.	VEuPathDB	Person: John Judkins	subclass	virus in induced sputum datum	Rhinovirus	multiplex real time polymerase chain reaction assay		
EUPATH:0032659	Bordetella pertussis in lung by multiplex real time polymerase chain reaction assay datum	A bacteria in lung datum that is the output of a multiplex real time polymerase chain reaction assay and is used to determine the presence of Bordetella pertussis in the specimen.	VEuPathDB	Person: John Judkins	subclass	bacteria in lung datum	Bordetella pertussis	multiplex real time polymerase chain reaction assay		
EUPATH:0032661	Chlamydophila pneumoniae in lung by multiplex real time polymerase chain reaction assay datum	A bacteria in lung datum that is the output of a multiplex real time polymerase chain reaction assay and is used to determine the presence of Chlamydophila pneumoniae in the specimen.	VEuPathDB	Person: John Judkins	subclass	bacteria in lung datum	Chlamydia pneumoniae	multiplex real time polymerase chain reaction assay		
EUPATH:0032663	Haemophilus influenzae in lung by multiplex real time polymerase chain reaction assay datum	A bacteria in lung datum that is the output of a multiplex real time polymerase chain reaction assay and is used to determine the presence of Haemophilus influenzae in the specimen.	VEuPathDB	Person: John Judkins	subclass	bacteria in lung datum	Haemophilus influenzae	multiplex real time polymerase chain reaction assay		
EUPATH:0032667	Legionella in lung by multiplex real time polymerase chain reaction assay datum	A bacteria in lung datum that is the output of a multiplex real time polymerase chain reaction assay and is used to determine the presence of Legionella in the specimen.	VEuPathDB	Person: John Judkins	subclass	bacteria in lung datum	Legionella	multiplex real time polymerase chain reaction assay		
EUPATH:0032669	Moraxella catarrhalis in lung by multiplex real time polymerase chain reaction assay datum	A bacteria in lung datum that is the output of a multiplex real time polymerase chain reaction assay and is used to determine the presence of Moraxella catarrhalis in the specimen.	VEuPathDB	Person: John Judkins	subclass	bacteria in lung datum	Moraxella catarrhalis	multiplex real time polymerase chain reaction assay		
EUPATH:0032671	Mycoplasma pneumoniae in lung by multiplex real time polymerase chain reaction assay datum	A bacteria in lung datum that is the output of a multiplex real time polymerase chain reaction assay and is used to determine the presence of Mycoplasma pneumoniae in the specimen.	VEuPathDB	Person: John Judkins	subclass	bacteria in lung datum	Mycoplasma pneumoniae	multiplex real time polymerase chain reaction assay		
EUPATH:0032673	Salmonella in lung by multiplex real time polymerase chain reaction assay datum	A virus in lung datum that is the output of a multiplex real time polymerase chain reaction assay and is used to determine the presence of Salmonella in the specimen.	VEuPathDB	Person: John Judkins	subclass	virus in lung datum	Salmonella	multiplex real time polymerase chain reaction assay		
EUPATH:0032675	Staphylococcus aureus in lung by multiplex real time polymerase chain reaction assay datum	A virus in lung datum that is the output of a multiplex real time polymerase chain reaction assay and is used to determine the presence of Staphylococcus aureus in the specimen.	VEuPathDB	Person: John Judkins	subclass	virus in lung datum	Staphylococcus aureus	multiplex real time polymerase chain reaction assay		
EUPATH:0032677	Streptococcus pneumoniae in lung by multiplex real time polymerase chain reaction assay datum	A virus in lung datum that is the output of a multiplex real time polymerase chain reaction assay and is used to determine the presence of Streptococcus pneumoniae in the specimen.	VEuPathDB	Person: John Judkins	subclass	virus in lung datum	Streptococcus pneumoniae	multiplex real time polymerase chain reaction assay		
EUPATH:0032679	Pneumocystis jirovecii in lung by multiplex real time polymerase chain reaction assay datum	A virus in lung datum that is the output of a multiplex real time polymerase chain reaction assay and is used to determine the presence of Pneumocystis jirovecii in the specimen.	VEuPathDB	Person: John Judkins	subclass	virus in lung datum	Pneumocystis jirovecii	multiplex real time polymerase chain reaction assay		
EUPATH:0032681	Adenovirus in lung by multiplex real time polymerase chain reaction assay datum	A virus in lung datum that is the output of a multiplex real time polymerase chain reaction assay and is used to determine the presence of Adenovirus in the specimen.	VEuPathDB	Person: John Judkins	subclass	virus in lung datum	Adenoviridae	multiplex real time polymerase chain reaction assay		
EUPATH:0032683	Coronoavirus 229 in lung by multiplex real time polymerase chain reaction assay datum	A virus in lung datum that is the output of a multiplex real time polymerase chain reaction assay and is used to determine the presence of Coronoavirus 229 in the specimen.	VEuPathDB	Person: John Judkins	subclass	virus in lung datum	Human coronavirus 229E	multiplex real time polymerase chain reaction assay		
EUPATH:0032685	Coronoavirus 43 in lung by multiplex real time polymerase chain reaction assay datum	A virus in lung datum that is the output of a multiplex real time polymerase chain reaction assay and is used to determine the presence of Coronoavirus 43 in the specimen.	VEuPathDB	Person: John Judkins	subclass	virus in lung datum	Human coronavirus OC43	multiplex real time polymerase chain reaction assay		
EUPATH:0032687	Coronoavirus 63 in lung by multiplex real time polymerase chain reaction assay datum	A virus in lung datum that is the output of a multiplex real time polymerase chain reaction assay and is used to determine the presence of Coronoavirus 63 in the specimen.	VEuPathDB	Person: John Judkins	subclass	virus in lung datum	Human coronavirus NL63	multiplex real time polymerase chain reaction assay		
EUPATH:0032689	Coronoavirus HKU in lung by multiplex real time polymerase chain reaction assay datum	A virus in lung datum that is the output of a multiplex real time polymerase chain reaction assay and is used to determine the presence of Coronoavirus HKU in the specimen.	VEuPathDB	Person: John Judkins	subclass	virus in lung datum	Human coronavirus HKU1	multiplex real time polymerase chain reaction assay		
EUPATH:0032691	Cytomegalovirus in lung by multiplex real time polymerase chain reaction assay datum	A virus in lung datum that is the output of a multiplex real time polymerase chain reaction assay and is used to determine the presence of Cytomegalovirus in the specimen.	VEuPathDB	Person: John Judkins	subclass	virus in lung datum	Cytomegalovirus	multiplex real time polymerase chain reaction assay		
EUPATH:0032693	Human bocavirus in lung by multiplex real time polymerase chain reaction assay datum	A virus in lung datum that is the output of a multiplex real time polymerase chain reaction assay and is used to determine the presence of Human bocavirus in the specimen.	VEuPathDB	Person: John Judkins	subclass	virus in lung datum	Human bocavirus	multiplex real time polymerase chain reaction assay		
EUPATH:0032695	Human metapneumovirus in lung by multiplex real time polymerase chain reaction assay datum	A virus in lung datum that is the output of a multiplex real time polymerase chain reaction assay and is used to determine the presence of Human metapneumovirus in the specimen.	VEuPathDB	Person: John Judkins	subclass	virus in lung datum	Human metapneumovirus	multiplex real time polymerase chain reaction assay		
EUPATH:0032697	Respiratory syncytial virus in lung by multiplex real time polymerase chain reaction assay datum	A virus in lung datum that is the output of a multiplex real time polymerase chain reaction assay and is used to determine the presence of Human respiratory syncytial viruses A/B in the specimen.	VEuPathDB	Person: John Judkins	subclass	virus in lung datum	Human orthopneumovirus	multiplex real time polymerase chain reaction assay		
EUPATH:0032699	Influenza A virus in lung by multiplex real time polymerase chain reaction assay datum	A virus in lung datum that is the output of a multiplex real time polymerase chain reaction assay and is used to determine the presence of Influenza A virus in the specimen.	VEuPathDB	Person: John Judkins	subclass	virus in lung datum	Influenza A virus	multiplex real time polymerase chain reaction assay		
EUPATH:0032701	Influenza B in lung by multiplex real time polymerase chain reaction assay datum	A virus in lung datum that is the output of a multiplex real time polymerase chain reaction assay and is used to determine the presence of Influenza B in the specimen.	VEuPathDB	Person: John Judkins	subclass	virus in lung datum	Influenza B virus	multiplex real time polymerase chain reaction assay		
EUPATH:0032703	Influenza C in lung by multiplex real time polymerase chain reaction assay datum	A virus in lung datum that is the output of a multiplex real time polymerase chain reaction assay and is used to determine the presence of Influenza C in the specimen.	VEuPathDB	Person: John Judkins	subclass	virus in lung datum	Influenza C virus	multiplex real time polymerase chain reaction assay		
EUPATH:0032705	Human respirovirus 1 in lung by multiplex real time polymerase chain reaction assay datum	A virus in lung datum that is the output of a multiplex real time polymerase chain reaction assay and is used to determine the presence of Human respirovirus 1 in the specimen.	VEuPathDB	Person: John Judkins	subclass	virus in lung datum	Human respirovirus 1	multiplex real time polymerase chain reaction assay		
EUPATH:0032707	Human orthorubulavirus 2 in lung by multiplex real time polymerase chain reaction assay datum	A virus in lung datum that is the output of a multiplex real time polymerase chain reaction assay and is used to determine the presence of Human orthorubulavirus 2 in the specimen.	VEuPathDB	Person: John Judkins	subclass	virus in lung datum	Human orthorubulavirus 2	multiplex real time polymerase chain reaction assay		
EUPATH:0032709	Human respirovirus 3 in lung by multiplex real time polymerase chain reaction assay datum	A virus in lung datum that is the output of a multiplex real time polymerase chain reaction assay and is used to determine the presence of Human respirovirus 3 in the specimen.	VEuPathDB	Person: John Judkins	subclass	virus in lung datum	Human respirovirus 3	multiplex real time polymerase chain reaction assay		
EUPATH:0032711	Human orthorubulavirus 4 in lung by multiplex real time polymerase chain reaction assay datum	A virus in lung datum that is the output of a multiplex real time polymerase chain reaction assay and is used to determine the presence of Human orthorubulavirus 4 in the specimen.	VEuPathDB	Person: John Judkins	subclass	virus in lung datum	Human orthorubulavirus 4	multiplex real time polymerase chain reaction assay		
EUPATH:0032713	Parechovirus/Enterovirus in lung by multiplex real time polymerase chain reaction assay datum	A virus in lung datum that is the output of a multiplex real time polymerase chain reaction assay and is used to determine the presence of Parechovirus/Enterovirus in the specimen.	VEuPathDB	Person: John Judkins	subclass	virus in lung datum	Picornaviridae	multiplex real time polymerase chain reaction assay		
EUPATH:0032715	Rhinovirus in lung by multiplex real time polymerase chain reaction assay datum	A virus in lung datum that is the output of a multiplex real time polymerase chain reaction assay and is used to determine the presence of Rhinovirus in the specimen.	VEuPathDB	Person: John Judkins	subclass	virus in lung datum	Rhinovirus	multiplex real time polymerase chain reaction assay		
EUPATH:0032751	Bordetella pertussis in nasopharynx or oropharynx by multiplex real time polymerase chain reaction assay datum	A bacteria in nasopharyngeal or oropharyngeal swab datum that is the output of a multiplex real time polymerase chain reaction assay and is used to determine the presence of Bordetella pertussis in the specimen.	VEuPathDB	Person: John Judkins	subclass	bacteria in nasopharyngeal or oropharyngeal swab datum	Bordetella pertussis	multiplex real time polymerase chain reaction assay		
EUPATH:0032753	Chlamydophila pneumoniae in nasopharynx or oropharynx by multiplex real time polymerase chain reaction assay datum	A bacteria in nasopharyngeal or oropharyngeal swab datum that is the output of a multiplex real time polymerase chain reaction assay and is used to determine the presence of Chlamydophila pneumoniae in the specimen.	VEuPathDB	Person: John Judkins	subclass	bacteria in nasopharyngeal or oropharyngeal swab datum	Chlamydia pneumoniae	multiplex real time polymerase chain reaction assay		
EUPATH:0032755	Haemophilus influenzae in nasopharynx or oropharynx by multiplex real time polymerase chain reaction assay datum	A bacteria in nasopharyngeal or oropharyngeal swab datum that is the output of a multiplex real time polymerase chain reaction assay and is used to determine the presence of Haemophilus influenzae in the specimen.	VEuPathDB	Person: John Judkins	subclass	bacteria in nasopharyngeal or oropharyngeal swab datum	Haemophilus influenzae	multiplex real time polymerase chain reaction assay		
EUPATH:0032759	Legionella in nasopharynx or oropharynx by multiplex real time polymerase chain reaction assay datum	A bacteria in nasopharyngeal or oropharyngeal swab datum that is the output of a multiplex real time polymerase chain reaction assay and is used to determine the presence of Legionella in the specimen.	VEuPathDB	Person: John Judkins	subclass	bacteria in nasopharyngeal or oropharyngeal swab datum	Legionella	multiplex real time polymerase chain reaction assay		
EUPATH:0032761	Moraxella catarrhalis in nasopharynx or oropharynx by multiplex real time polymerase chain reaction assay datum	A bacteria in nasopharyngeal or oropharyngeal swab datum that is the output of a multiplex real time polymerase chain reaction assay and is used to determine the presence of Moraxella catarrhalis in the specimen.	VEuPathDB	Person: John Judkins	subclass	bacteria in nasopharyngeal or oropharyngeal swab datum	Moraxella catarrhalis	multiplex real time polymerase chain reaction assay		
EUPATH:0032763	Mycoplasma pneumoniae in nasopharynx or oropharynx by multiplex real time polymerase chain reaction assay datum	A bacteria in nasopharyngeal or oropharyngeal swab datum that is the output of a multiplex real time polymerase chain reaction assay and is used to determine the presence of Mycoplasma pneumoniae in the specimen.	VEuPathDB	Person: John Judkins	subclass	bacteria in nasopharyngeal or oropharyngeal swab datum	Mycoplasma pneumoniae	multiplex real time polymerase chain reaction assay		
EUPATH:0032765	Salmonella in nasopharynx or oropharynx by multiplex real time polymerase chain reaction assay datum	A virus in nasopharyngeal or oropharyngeal swab datum that is the output of a multiplex real time polymerase chain reaction assay and is used to determine the presence of Salmonella in the specimen.	VEuPathDB	Person: John Judkins	subclass	virus in nasopharyngeal or oropharyngeal swab datum	Salmonella	multiplex real time polymerase chain reaction assay		
EUPATH:0032767	Staphylococcus aureus in nasopharynx or oropharynx by multiplex real time polymerase chain reaction assay datum	A virus in nasopharyngeal or oropharyngeal swab datum that is the output of a multiplex real time polymerase chain reaction assay and is used to determine the presence of Staphylococcus aureus in the specimen.	VEuPathDB	Person: John Judkins	subclass	virus in nasopharyngeal or oropharyngeal swab datum	Staphylococcus aureus	multiplex real time polymerase chain reaction assay		
EUPATH:0032769	Streptococcus pneumoniae in nasopharynx or oropharynx by multiplex real time polymerase chain reaction assay datum	A virus in nasopharyngeal or oropharyngeal swab datum that is the output of a multiplex real time polymerase chain reaction assay and is used to determine the presence of Streptococcus pneumoniae in the specimen.	VEuPathDB	Person: John Judkins	subclass	virus in nasopharyngeal or oropharyngeal swab datum	Streptococcus pneumoniae	multiplex real time polymerase chain reaction assay		
EUPATH:0032772	Pneumocystis jirovecii in nasopharynx or oropharynx by multiplex real time polymerase chain reaction assay datum	A virus in nasopharyngeal or oropharyngeal swab datum that is the output of a multiplex real time polymerase chain reaction assay and is used to determine the presence of Pneumocystis jirovecii in the specimen.	VEuPathDB	Person: John Judkins	subclass	virus in nasopharyngeal or oropharyngeal swab datum	Pneumocystis jirovecii	multiplex real time polymerase chain reaction assay		
EUPATH:0032774	Adenovirus in nasopharynx or oropharynx by multiplex real time polymerase chain reaction assay datum	A virus in nasopharyngeal or oropharyngeal swab datum that is the output of a multiplex real time polymerase chain reaction assay and is used to determine the presence of Adenovirus in the specimen.	VEuPathDB	Person: John Judkins	subclass	virus in nasopharyngeal or oropharyngeal swab datum	Adenoviridae	multiplex real time polymerase chain reaction assay		
EUPATH:0032776	Coronoavirus 229 in nasopharynx or oropharynx by multiplex real time polymerase chain reaction assay datum	A virus in nasopharyngeal or oropharyngeal swab datum that is the output of a multiplex real time polymerase chain reaction assay and is used to determine the presence of Coronoavirus 229 in the specimen.	VEuPathDB	Person: John Judkins	subclass	virus in nasopharyngeal or oropharyngeal swab datum	Human coronavirus 229E	multiplex real time polymerase chain reaction assay		
EUPATH:0032778	Coronoavirus 43 in nasopharynx or oropharynx by multiplex real time polymerase chain reaction assay datum	A virus in nasopharyngeal or oropharyngeal swab datum that is the output of a multiplex real time polymerase chain reaction assay and is used to determine the presence of Coronoavirus 43 in the specimen.	VEuPathDB	Person: John Judkins	subclass	virus in nasopharyngeal or oropharyngeal swab datum	Human coronavirus OC43	multiplex real time polymerase chain reaction assay		
EUPATH:0032780	Coronoavirus 63 in nasopharynx or oropharynx by multiplex real time polymerase chain reaction assay datum	A virus in nasopharyngeal or oropharyngeal swab datum that is the output of a multiplex real time polymerase chain reaction assay and is used to determine the presence of Coronoavirus 63 in the specimen.	VEuPathDB	Person: John Judkins	subclass	virus in nasopharyngeal or oropharyngeal swab datum	Human coronavirus NL63	multiplex real time polymerase chain reaction assay		
EUPATH:0032782	Coronoavirus HKU in nasopharynx or oropharynx by multiplex real time polymerase chain reaction assay datum	A virus in nasopharyngeal or oropharyngeal swab datum that is the output of a multiplex real time polymerase chain reaction assay and is used to determine the presence of Coronoavirus HKU in the specimen.	VEuPathDB	Person: John Judkins	subclass	virus in nasopharyngeal or oropharyngeal swab datum	Human coronavirus HKU1	multiplex real time polymerase chain reaction assay		
EUPATH:0032784	Cytomegalovirus in nasopharynx or oropharynx by multiplex real time polymerase chain reaction assay datum	A virus in nasopharyngeal or oropharyngeal swab datum that is the output of a multiplex real time polymerase chain reaction assay and is used to determine the presence of Cytomegalovirus in the specimen.	VEuPathDB	Person: John Judkins	subclass	virus in nasopharyngeal or oropharyngeal swab datum	Cytomegalovirus	multiplex real time polymerase chain reaction assay		
EUPATH:0032786	Human bocavirus in nasopharynx or oropharynx by multiplex real time polymerase chain reaction assay datum	A virus in nasopharyngeal or oropharyngeal swab datum that is the output of a multiplex real time polymerase chain reaction assay and is used to determine the presence of Human bocavirus in the specimen.	VEuPathDB	Person: John Judkins	subclass	virus in nasopharyngeal or oropharyngeal swab datum	Human bocavirus	multiplex real time polymerase chain reaction assay		
EUPATH:0032788	Human metapneumovirus in nasopharynx or oropharynx by multiplex real time polymerase chain reaction assay datum	A virus in nasopharyngeal or oropharyngeal swab datum that is the output of a multiplex real time polymerase chain reaction assay and is used to determine the presence of Human metapneumovirus in the specimen.	VEuPathDB	Person: John Judkins	subclass	virus in nasopharyngeal or oropharyngeal swab datum	Human metapneumovirus	multiplex real time polymerase chain reaction assay		
EUPATH:0032790	Respiratory syncytial virus in nasopharynx or oropharynx by multiplex real time polymerase chain reaction assay datum	A virus in nasopharyngeal or oropharyngeal swab datum that is the output of a multiplex real time polymerase chain reaction assay and is used to determine the presence of Human respiratory syncytial viruses A/B in the specimen.	VEuPathDB	Person: John Judkins	subclass	virus in nasopharyngeal or oropharyngeal swab datum	Human orthopneumovirus	multiplex real time polymerase chain reaction assay		
EUPATH:0032792	Influenza A virus in nasopharynx or oropharynx by multiplex real time polymerase chain reaction assay datum	A virus in nasopharyngeal or oropharyngeal swab datum that is the output of a multiplex real time polymerase chain reaction assay and is used to determine the presence of Influenza A virus in the specimen.	VEuPathDB	Person: John Judkins	subclass	virus in nasopharyngeal or oropharyngeal swab datum	Influenza A virus	multiplex real time polymerase chain reaction assay		
EUPATH:0032794	Influenza B in nasopharynx or oropharynx by multiplex real time polymerase chain reaction assay datum	A virus in nasopharyngeal or oropharyngeal swab datum that is the output of a multiplex real time polymerase chain reaction assay and is used to determine the presence of Influenza B in the specimen.	VEuPathDB	Person: John Judkins	subclass	virus in nasopharyngeal or oropharyngeal swab datum	Influenza B virus	multiplex real time polymerase chain reaction assay		
EUPATH:0032796	Influenza C in nasopharynx or oropharynx by multiplex real time polymerase chain reaction assay datum	A virus in nasopharyngeal or oropharyngeal swab datum that is the output of a multiplex real time polymerase chain reaction assay and is used to determine the presence of Influenza C in the specimen.	VEuPathDB	Person: John Judkins	subclass	virus in nasopharyngeal or oropharyngeal swab datum	Influenza C virus	multiplex real time polymerase chain reaction assay		
EUPATH:0032798	Human respirovirus 1 in nasopharynx or oropharynx by multiplex real time polymerase chain reaction assay datum	A virus in nasopharyngeal or oropharyngeal swab datum that is the output of a multiplex real time polymerase chain reaction assay and is used to determine the presence of Human respirovirus 1 in the specimen.	VEuPathDB	Person: John Judkins	subclass	virus in nasopharyngeal or oropharyngeal swab datum	Human respirovirus 1	multiplex real time polymerase chain reaction assay		
EUPATH:0032800	Human orthorubulavirus 2 in nasopharynx or oropharynx by multiplex real time polymerase chain reaction assay datum	A virus in nasopharyngeal or oropharyngeal swab datum that is the output of a multiplex real time polymerase chain reaction assay and is used to determine the presence of Human orthorubulavirus 2 in the specimen.	VEuPathDB	Person: John Judkins	subclass	virus in nasopharyngeal or oropharyngeal swab datum	Human orthorubulavirus 2	multiplex real time polymerase chain reaction assay		
EUPATH:0032802	Human respirovirus 3 in nasopharynx or oropharynx by multiplex real time polymerase chain reaction assay datum	A virus in nasopharyngeal or oropharyngeal swab datum that is the output of a multiplex real time polymerase chain reaction assay and is used to determine the presence of Human respirovirus 3 in the specimen.	VEuPathDB	Person: John Judkins	subclass	virus in nasopharyngeal or oropharyngeal swab datum	Human respirovirus 3	multiplex real time polymerase chain reaction assay		
EUPATH:0032804	Human orthorubulavirus 4 in nasopharynx or oropharynx by multiplex real time polymerase chain reaction assay datum	A virus in nasopharyngeal or oropharyngeal swab datum that is the output of a multiplex real time polymerase chain reaction assay and is used to determine the presence of Human orthorubulavirus 4 in the specimen.	VEuPathDB	Person: John Judkins	subclass	virus in nasopharyngeal or oropharyngeal swab datum	Human orthorubulavirus 4	multiplex real time polymerase chain reaction assay		
EUPATH:0032806	Parechovirus/Enterovirus in nasopharynx or oropharynx by multiplex real time polymerase chain reaction assay datum	A virus in nasopharyngeal or oropharyngeal swab datum that is the output of a multiplex real time polymerase chain reaction assay and is used to determine the presence of Parechovirus/Enterovirus in the specimen.	VEuPathDB	Person: John Judkins	subclass	virus in nasopharyngeal or oropharyngeal swab datum	Picornaviridae	multiplex real time polymerase chain reaction assay		
EUPATH:0032808	Rhinovirus in nasopharynx or oropharynx by multiplex real time polymerase chain reaction assay datum	A virus in nasopharyngeal or oropharyngeal swab datum that is the output of a multiplex real time polymerase chain reaction assay and is used to determine the presence of Rhinovirus in the specimen.	VEuPathDB	Person: John Judkins	subclass	virus in nasopharyngeal or oropharyngeal swab datum	Rhinovirus	multiplex real time polymerase chain reaction assay		
EUPATH:0033015	Bordetella pertussis in pleural fluid by multiplex real time polymerase chain reaction assay datum	A bacteria in pleural fluid datum that is the output of a multiplex real time polymerase chain reaction assay and is used to determine the presence of Bordetella pertussis in the specimen.	VEuPathDB	Person: John Judkins	subclass	bacteria in pleural fluid datum	Bordetella pertussis	multiplex real time polymerase chain reaction assay		
EUPATH:0033017	Chlamydophila pneumoniae in pleural fluid by multiplex real time polymerase chain reaction assay datum	A bacteria in pleural fluid datum that is the output of a multiplex real time polymerase chain reaction assay and is used to determine the presence of Chlamydophila pneumoniae in the specimen.	VEuPathDB	Person: John Judkins	subclass	bacteria in pleural fluid datum	Chlamydia pneumoniae	multiplex real time polymerase chain reaction assay		
EUPATH:0033019	Haemophilus influenzae in pleural fluid by multiplex real time polymerase chain reaction assay datum	A bacteria in pleural fluid datum that is the output of a multiplex real time polymerase chain reaction assay and is used to determine the presence of Haemophilus influenzae in the specimen.	VEuPathDB	Person: John Judkins	subclass	bacteria in pleural fluid datum	Haemophilus influenzae	multiplex real time polymerase chain reaction assay		
EUPATH:0033023	Legionella in pleural fluid by multiplex real time polymerase chain reaction assay datum	A bacteria in pleural fluid datum that is the output of a multiplex real time polymerase chain reaction assay and is used to determine the presence of Legionella in the specimen.	VEuPathDB	Person: John Judkins	subclass	bacteria in pleural fluid datum	Legionella	multiplex real time polymerase chain reaction assay		
EUPATH:0033025	Moraxella catarrhalis in pleural fluid by multiplex real time polymerase chain reaction assay datum	A bacteria in pleural fluid datum that is the output of a multiplex real time polymerase chain reaction assay and is used to determine the presence of Moraxella catarrhalis in the specimen.	VEuPathDB	Person: John Judkins	subclass	bacteria in pleural fluid datum	Moraxella catarrhalis	multiplex real time polymerase chain reaction assay		
EUPATH:0033027	Mycoplasma pneumoniae in pleural fluid by multiplex real time polymerase chain reaction assay datum	A bacteria in pleural fluid datum that is the output of a multiplex real time polymerase chain reaction assay and is used to determine the presence of Mycoplasma pneumoniae in the specimen.	VEuPathDB	Person: John Judkins	subclass	bacteria in pleural fluid datum	Mycoplasma pneumoniae	multiplex real time polymerase chain reaction assay		
EUPATH:0033029	Salmonella in pleural fluid by multiplex real time polymerase chain reaction assay datum	A virus in pleural fluid datum that is the output of a multiplex real time polymerase chain reaction assay and is used to determine the presence of Salmonella in the specimen.	VEuPathDB	Person: John Judkins	subclass	virus in pleural fluid datum	Salmonella	multiplex real time polymerase chain reaction assay		
EUPATH:0033031	Staphylococcus aureus in pleural fluid by multiplex real time polymerase chain reaction assay datum	A virus in pleural fluid datum that is the output of a multiplex real time polymerase chain reaction assay and is used to determine the presence of Staphylococcus aureus in the specimen.	VEuPathDB	Person: John Judkins	subclass	virus in pleural fluid datum	Staphylococcus aureus	multiplex real time polymerase chain reaction assay		
EUPATH:0033033	Streptococcus pneumoniae in pleural fluid by multiplex real time polymerase chain reaction assay datum	A virus in pleural fluid datum that is the output of a multiplex real time polymerase chain reaction assay and is used to determine the presence of Streptococcus pneumoniae in the specimen.	VEuPathDB	Person: John Judkins	subclass	virus in pleural fluid datum	Streptococcus pneumoniae	multiplex real time polymerase chain reaction assay		
EUPATH:0033035	Pneumocystis jirovecii in pleural fluid by multiplex real time polymerase chain reaction assay datum	A virus in pleural fluid datum that is the output of a multiplex real time polymerase chain reaction assay and is used to determine the presence of Pneumocystis jirovecii in the specimen.	VEuPathDB	Person: John Judkins	subclass	virus in pleural fluid datum	Pneumocystis jirovecii	multiplex real time polymerase chain reaction assay		
EUPATH:0033037	Adenovirus in pleural fluid by multiplex real time polymerase chain reaction assay datum	A virus in pleural fluid datum that is the output of a multiplex real time polymerase chain reaction assay and is used to determine the presence of Adenovirus in the specimen.	VEuPathDB	Person: John Judkins	subclass	virus in pleural fluid datum	Adenoviridae	multiplex real time polymerase chain reaction assay		
EUPATH:0033039	Coronoavirus 229 in pleural fluid by multiplex real time polymerase chain reaction assay datum	A virus in pleural fluid datum that is the output of a multiplex real time polymerase chain reaction assay and is used to determine the presence of Coronoavirus 229 in the specimen.	VEuPathDB	Person: John Judkins	subclass	virus in pleural fluid datum	Human coronavirus 229E	multiplex real time polymerase chain reaction assay		
EUPATH:0033041	Coronoavirus 43 in pleural fluid by multiplex real time polymerase chain reaction assay datum	A virus in pleural fluid datum that is the output of a multiplex real time polymerase chain reaction assay and is used to determine the presence of Coronoavirus 43 in the specimen.	VEuPathDB	Person: John Judkins	subclass	virus in pleural fluid datum	Human coronavirus OC43	multiplex real time polymerase chain reaction assay		
EUPATH:0033043	Coronoavirus 63 in pleural fluid by multiplex real time polymerase chain reaction assay datum	A virus in pleural fluid datum that is the output of a multiplex real time polymerase chain reaction assay and is used to determine the presence of Coronoavirus 63 in the specimen.	VEuPathDB	Person: John Judkins	subclass	virus in pleural fluid datum	Human coronavirus NL63	multiplex real time polymerase chain reaction assay		
EUPATH:0033045	Coronoavirus HKU in pleural fluid by multiplex real time polymerase chain reaction assay datum	A virus in pleural fluid datum that is the output of a multiplex real time polymerase chain reaction assay and is used to determine the presence of Coronoavirus HKU in the specimen.	VEuPathDB	Person: John Judkins	subclass	virus in pleural fluid datum	Human coronavirus HKU1	multiplex real time polymerase chain reaction assay		
EUPATH:0033047	Cytomegalovirus in pleural fluid by multiplex real time polymerase chain reaction assay datum	A virus in pleural fluid datum that is the output of a multiplex real time polymerase chain reaction assay and is used to determine the presence of Cytomegalovirus in the specimen.	VEuPathDB	Person: John Judkins	subclass	virus in pleural fluid datum	Cytomegalovirus	multiplex real time polymerase chain reaction assay		
EUPATH:0033049	Human bocavirus in pleural fluid by multiplex real time polymerase chain reaction assay datum	A virus in pleural fluid datum that is the output of a multiplex real time polymerase chain reaction assay and is used to determine the presence of Human bocavirus in the specimen.	VEuPathDB	Person: John Judkins	subclass	virus in pleural fluid datum	Human bocavirus	multiplex real time polymerase chain reaction assay		
EUPATH:0033051	Human metapneumovirus in pleural fluid multiplex real time polymerase chain reaction assay datum	A virus in pleural fluid datum that is the output of a multiplex real time polymerase chain reaction assay and is used to determine the presence of Human metapneumovirus in the specimen.	VEuPathDB	Person: John Judkins	subclass	virus in pleural fluid datum	Human metapneumovirus	multiplex real time polymerase chain reaction assay		
EUPATH:0033053	Respiratory syncytial virus in pleural fluid by multiplex real time polymerase chain reaction assay datum	A virus in pleural fluid datum that is the output of a multiplex real time polymerase chain reaction assay and is used to determine the presence of Human respiratory syncytial viruses A/B in the specimen.	VEuPathDB	Person: John Judkins	subclass	virus in pleural fluid datum	Human orthopneumovirus	multiplex real time polymerase chain reaction assay		
EUPATH:0033055	Influenza A virus in pleural fluid by multiplex real time polymerase chain reaction assay datum	A virus in pleural fluid datum that is the output of a multiplex real time polymerase chain reaction assay and is used to determine the presence of Influenza A virus in the specimen.	VEuPathDB	Person: John Judkins	subclass	virus in pleural fluid datum	Influenza A virus	multiplex real time polymerase chain reaction assay		
EUPATH:0033057	Influenza B in pleural fluid by multiplex real time polymerase chain reaction assay datum	A virus in pleural fluid datum that is the output of a multiplex real time polymerase chain reaction assay and is used to determine the presence of Influenza B in the specimen.	VEuPathDB	Person: John Judkins	subclass	virus in pleural fluid datum	Influenza B virus	multiplex real time polymerase chain reaction assay		
EUPATH:0033059	Influenza C in pleural fluid by multiplex real time polymerase chain reaction assay datum	A virus in pleural fluid datum that is the output of a multiplex real time polymerase chain reaction assay and is used to determine the presence of Influenza C in the specimen.	VEuPathDB	Person: John Judkins	subclass	virus in pleural fluid datum	Influenza C virus	multiplex real time polymerase chain reaction assay		
EUPATH:0033061	Human respirovirus 1 in pleural fluid by multiplex real time polymerase chain reaction assay datum	A virus in pleural fluid datum that is the output of a multiplex real time polymerase chain reaction assay and is used to determine the presence of Human respirovirus 1 in the specimen.	VEuPathDB	Person: John Judkins	subclass	virus in pleural fluid datum	Human respirovirus 1	multiplex real time polymerase chain reaction assay		
EUPATH:0033063	Human orthorubulavirus 2 in pleural fluid by multiplex real time polymerase chain reaction assay datum	A virus in pleural fluid datum that is the output of a multiplex real time polymerase chain reaction assay and is used to determine the presence of Human orthorubulavirus 2 in the specimen.	VEuPathDB	Person: John Judkins	subclass	virus in pleural fluid datum	Human orthorubulavirus 2	multiplex real time polymerase chain reaction assay		
EUPATH:0033065	Human respirovirus 3 in pleural fluid by multiplex real time polymerase chain reaction assay datum	A virus in pleural fluid datum that is the output of a multiplex real time polymerase chain reaction assay and is used to determine the presence of Human respirovirus 3 in the specimen.	VEuPathDB	Person: John Judkins	subclass	virus in pleural fluid datum	Human respirovirus 3	multiplex real time polymerase chain reaction assay		
EUPATH:0033067	Human orthorubulavirus 4 in pleural fluid by multiplex real time polymerase chain reaction assay datum	A virus in pleural fluid datum that is the output of a multiplex real time polymerase chain reaction assay and is used to determine the presence of Human orthorubulavirus 4 in the specimen.	VEuPathDB	Person: John Judkins	subclass	virus in pleural fluid datum	Human orthorubulavirus 4	multiplex real time polymerase chain reaction assay		
EUPATH:0033069	Parechovirus/Enterovirus in pleural fluid by multiplex real time polymerase chain reaction assay datum	A virus in pleural fluid datum that is the output of a multiplex real time polymerase chain reaction assay and is used to determine the presence of Parechovirus/Enterovirus in the specimen.	VEuPathDB	Person: John Judkins	subclass	virus in pleural fluid datum	Picornaviridae	multiplex real time polymerase chain reaction assay		
EUPATH:0033071	Rhinovirus in pleural fluid by multiplex real time polymerase chain reaction assay datum	A virus in pleural fluid datum that is the output of a multiplex real time polymerase chain reaction assay and is used to determine the presence of Rhinovirus in the specimen.	VEuPathDB	Person: John Judkins	subclass	virus in pleural fluid datum	Rhinovirus	multiplex real time polymerase chain reaction assay		
EUPATH:0036257	Cytomegalovirus in feces by real time polymerase chain reaction assay datum	A virus in feces datum that is the output of a real time polymerase chain reaction assay and is used to determine the presence of Cytomegalovirus in the specimen.	VEuPathDB	Person: John Judkins	subclass	virus in feces datum	Cytomegalovirus	real time polymerase chain reaction assay		
EUPATH:0036316	Astrovirus in feces by real time polymerase chain reaction assay datum	A virus in feces datum that is the output of a real time polymerase chain reaction assay and is used to determine the presence of Astrovirus in the specimen.	VEuPathDB	Person: John Judkins	subclass	virus in feces datum	Astroviridae	real time polymerase chain reaction assay		
EUPATH:0036318	Rotavirus in feces by real time polymerase chain reaction assay datum	A virus in feces datum that is the output of a real time polymerase chain reaction assay and is used to determine the presence of Rotavirus in the specimen.	VEuPathDB	Person: John Judkins	subclass	virus in feces datum	Rotavirus	real time polymerase chain reaction assay		
EUPATH:0036319	Sapovirus in feces by real time polymerase chain reaction assay datum	A virus in feces datum that is the output of a real time polymerase chain reaction assay and is used to determine the presence of Sapovirus in the specimen.	VEuPathDB	Person: John Judkins	subclass	virus in feces datum	Sapovirus	real time polymerase chain reaction assay		
EUPATH:0036323	Entamoeba histolytica in feces by real time polymerase chain reaction assay datum	A eukaryota in feces datum that is the output of a real time polymerase chain reaction assay and is used to determine the presence of Entamoeba histolytica in the specimen.	VEuPathDB	Person: John Judkins	subclass	eukaryota in feces datum	Entamoeba histolytica	real time polymerase chain reaction assay		
EUPATH:0036324	Giardia in feces by real time polymerase chain reaction assay datum	A eukaryota in feces datum that is the output of a real time polymerase chain reaction assay and is used to determine the presence of Giardia in the specimen.	VEuPathDB	Person: John Judkins	subclass	eukaryota in feces datum	Giardia <diplomonads>	real time polymerase chain reaction assay		
EUPATH:0036331	Human poliovirus 1 in feces by multiplex real time reverse-transcription polymerase chain reaction assay datum	A virus in feces datum that is the output of a multiplex real time reverse-transcription polymerase chain reaction assay and is used to determine the presence of Human poliovirus 1 in the specimen.	VEuPathDB	Person: John Judkins	subclass	virus in feces datum	Human poliovirus 1	multiplex real time reverse-transcription polymerase chain reaction assay		
EUPATH:0036332	Human poliovirus 2 in feces by multiplex real time reverse-transcription polymerase chain reaction assay datum	A virus in feces datum that is the output of a multiplex real time reverse-transcription polymerase chain reaction assay and is used to determine the presence of Human poliovirus 2 in the specimen.	VEuPathDB	Person: John Judkins	subclass	virus in feces datum	Human poliovirus 2	multiplex real time reverse-transcription polymerase chain reaction assay		
EUPATH:0036333	Human poliovirus 3 in feces by multiplex real time reverse-transcription polymerase chain reaction assay datum	A virus in feces datum that is the output of a multiplex real time reverse-transcription polymerase chain reaction assay and is used to determine the presence of Human poliovirus 3 in the specimen.	VEuPathDB	Person: John Judkins	subclass	virus in feces datum	Human poliovirus 3	multiplex real time reverse-transcription polymerase chain reaction assay		
EUPATH:0036359	Escherichia phage MS2 in feces by fluorogenic PCR assay datum	A virus in feces datum that is the output of a fluorogenic PCR assay and is used to determine the presence of Escherichia phage MS2 in the specimen.	VEuPathDB	Person: John Judkins	subclass	virus in feces datum	Escherichia phage MS2	fluorogenic PCR assay		
EUPATH:0036360	Enterovirus in feces by fluorogenic PCR assay datum	A virus in feces datum that is the output of a fluorogenic PCR assay and is used to determine the presence of Enterovirus in the specimen.	VEuPathDB	Person: John Judkins	subclass	virus in feces datum	Enterovirus	fluorogenic PCR assay		
EUPATH:0036531	Cryptosporidium in feces by real time polymerase chain reaction assay datum	A eukaryota in feces datum that is the output of a real time polymerase chain reaction assay and is used to determine the presence of Cryptosporidium in the specimen.	VEuPathDB	Person: John Judkins	subclass	eukaryota in feces datum	Cryptosporidium	real time polymerase chain reaction assay		
EUPATH:0042378	Plasmodium in umbilical cord blood by microscopy assay datum	A eukaryota in umbilical cord blood datum that is the output of a microscopy assay and is used to determine the presence of Plasmodium in the specimen.	VEuPathDB	Person: John Judkins	subclass	eukaryota in umbilical cord blood datum	Plasmodium	microscopy assay		